Time,timeRelative,continuous/proportionalResident,continuous/proportionalSwapped,continuous/resident,continuous/swapped,continuous/virtual,datamgmt/proportionalResident,datamgmt/proportionalSwapped,datamgmt/resident,datamgmt/swapped,datamgmt/virtual,requests/proportionalResident,requests/proportionalSwapped,requests/resident,requests/swapped,requests/virtual,ros2listener/proportionalResident,ros2listener/proportionalSwapped,ros2listener/resident,ros2listener/swapped,ros2listener/virtual,ros2talker/proportionalResident,ros2talker/proportionalSwapped,ros2talker/resident,ros2talker/swapped,ros2talker/virtual,structural/proportionalResident,structural/proportionalSwapped,structural/resident,structural/swapped,structural/virtual,influxdb/memrss,neo4j/memrss
2025-06-28 16:53:02,2,5159936,0,18063360,0,307544064,3727360,0,13500416,0,286367744,,,,,,55353344,0,217571328,0,495923200,49827840,0,183369728,0,1781538816,4969472,0,15994880,0,307933184,133455872,980647936
2025-06-28 16:53:03,3,5565440,0,18505728,0,374652928,3829760,0,13500416,0,353476608,,,,,,55353344,0,217571328,0,495923200,49827840,0,183369728,0,1781538816,5448704,0,16388096,0,375042048,133455872,980647936
2025-06-28 16:53:04,4,5975040,0,18706432,0,441761792,3829760,0,13500416,0,353476608,,,,,,55349248,0,217571328,0,495923200,49827840,0,183369728,0,1781538816,5927936,0,16912384,0,442150912,133455872,980783104
2025-06-28 16:53:05,5,6118400,0,19034112,0,441761792,3833856,0,13500416,0,353476608,,,,,,55349248,0,217571328,0,495927296,49827840,0,183369728,0,1781538816,6018048,0,17043456,0,442150912,133455872,980783104
2025-06-28 16:53:06,6,6261760,0,19165184,0,441761792,3833856,0,13500416,0,353476608,,,,,,55349248,0,217571328,0,495923200,49827840,0,183369728,0,1781538816,6075392,0,17043456,0,442150912,133455872,980783104
2025-06-28 16:53:07,7,6331392,0,19279872,0,441761792,3833856,0,13500416,0,353476608,,,,,,55353344,0,217571328,0,495923200,49827840,0,183369728,0,1781538816,6124544,0,17043456,0,442150912,133455872,980783104
2025-06-28 16:53:08,8,6376448,0,19202048,0,441761792,3833856,0,13500416,0,353476608,,,,,,55349248,0,217571328,0,495927296,49827840,0,183369728,0,1781538816,6181888,0,17174528,0,442150912,133455872,980783104
2025-06-28 16:53:09,9,6425600,0,19533824,0,441761792,3833856,0,13500416,0,353476608,,,,,,55349248,0,217571328,0,495923200,49827840,0,183369728,0,1781538816,6239232,0,17174528,0,442150912,133455872,980783104
2025-06-28 16:53:10,10,6441984,0,19337216,0,441761792,3833856,0,13500416,0,353476608,,,,,,55349248,0,217571328,0,495923200,49827840,0,183369728,0,1781538816,6296576,0,17305600,0,442150912,133455872,980783104
2025-06-28 16:53:11,11,6462464,0,19337216,0,441761792,3833856,0,13500416,0,353476608,,,,,,55349248,0,217571328,0,495927296,49827840,0,183369728,0,1781538816,6304768,0,17616896,0,442150912,133455872,980783104
2025-06-28 16:53:12,12,6462464,0,19337216,0,441761792,3833856,0,13500416,0,353476608,,,,,,55349248,0,217571328,0,495927296,49827840,0,183369728,0,1781538816,6304768,0,17616896,0,442150912,133455872,980783104
2025-06-28 16:53:13,13,6470656,0,19341312,0,441761792,3833856,0,13500416,0,353476608,,,,,,55349248,0,217571328,0,495923200,49827840,0,183369728,0,1781538816,6312960,0,17616896,0,442150912,133455872,980783104
2025-06-28 16:53:14,14,6487040,0,19341312,0,441761792,3833856,0,13500416,0,353476608,,,,,,55349248,0,217571328,0,495923200,49827840,0,183369728,0,1781538816,6321152,0,17616896,0,442150912,133455872,980783104
2025-06-28 16:53:15,15,6515712,0,19341312,0,441761792,3833856,0,13500416,0,353476608,,,,,,55349248,0,217571328,0,495923200,49827840,0,183369728,0,1781538816,6329344,0,17616896,0,442150912,133455872,980783104
2025-06-28 16:53:16,16,6536192,0,19140608,0,441761792,3833856,0,13500416,0,353476608,,,,,,55353344,0,217571328,0,495923200,49827840,0,183369728,0,1781538816,6341632,0,17616896,0,442150912,133455872,980783104
2025-06-28 16:53:17,17,6536192,0,19333120,0,441761792,3833856,0,13500416,0,353476608,,,,,,55353344,0,217571328,0,495923200,49827840,0,183369728,0,1781538816,6345728,0,17616896,0,442150912,133455872,980783104
2025-06-28 16:53:18,18,6548480,0,19140608,0,441761792,3833856,0,13500416,0,353476608,,,,,,55349248,0,217571328,0,495923200,49827840,0,183369728,0,1781538816,6358016,0,17616896,0,442150912,133455872,980783104
2025-06-28 16:53:19,19,6577152,0,19140608,0,441761792,3833856,0,13500416,0,353476608,,,,,,55349248,0,217571328,0,495923200,49827840,0,183369728,0,1781538816,6370304,0,17616896,0,442150912,133455872,980783104
2025-06-28 16:53:20,20,6589440,0,19333120,0,441761792,3833856,0,13500416,0,353476608,,,,,,55349248,0,217571328,0,495923200,49827840,0,183369728,0,1781538816,6378496,0,17616896,0,442150912,133455872,980795392
2025-06-28 16:53:21,21,6593536,0,19324928,0,441761792,3833856,0,13500416,0,353476608,,,,,,55349248,0,217571328,0,495927296,49827840,0,183369728,0,1781538816,6382592,0,17616896,0,442150912,133455872,980795392
2025-06-28 16:53:22,22,6601728,0,19456000,0,441761792,3833856,0,13500416,0,353476608,,,,,,55353344,0,217571328,0,495927296,49827840,0,183369728,0,1781538816,6382592,0,17616896,0,442150912,133455872,980795392
2025-06-28 16:53:23,23,6614016,0,19456000,0,441761792,3833856,0,13500416,0,353476608,,,,,,55349248,0,217571328,0,495927296,49827840,0,183369728,0,1781538816,6386688,0,17616896,0,442150912,133455872,980795392
2025-06-28 16:53:24,24,6642688,0,19456000,0,441761792,3833856,0,13500416,0,353476608,,,,,,55349248,0,217571328,0,495923200,49827840,0,183369728,0,1781538816,6390784,0,17616896,0,442150912,133455872,980795392
2025-06-28 16:53:25,25,6646784,0,19664896,0,441761792,3833856,0,13500416,0,353476608,,,,,,55349248,0,217571328,0,495923200,49827840,0,183369728,0,1781538816,6403072,0,17616896,0,442150912,133455872,980795392
2025-06-28 16:53:26,26,6650880,0,19660800,0,441761792,3833856,0,13500416,0,353476608,,,,,,55349248,0,217571328,0,495923200,49827840,0,183369728,0,1781538816,6411264,0,17616896,0,442150912,133455872,980795392
2025-06-28 16:53:27,27,6667264,0,19660800,0,441761792,3833856,0,13500416,0,353476608,,,,,,55349248,0,217571328,0,495927296,49827840,0,183369728,0,1781538816,6415360,0,17616896,0,442150912,133455872,980795392
2025-06-28 16:53:28,28,6675456,0,19656704,0,441761792,3833856,0,13500416,0,353476608,,,,,,55349248,0,217571328,0,495923200,49827840,0,183369728,0,1781538816,6423552,0,17616896,0,442150912,133455872,980795392
2025-06-28 16:53:29,29,6667264,0,19660800,0,441761792,3833856,0,13500416,0,353476608,,,,,,55349248,0,217571328,0,495923200,49827840,0,183369728,0,1781538816,6431744,0,17616896,0,442150912,133455872,980795392
2025-06-28 16:53:30,30,6683648,0,19595264,0,441761792,3833856,0,13500416,0,353476608,,,,,,55349248,0,217571328,0,495927296,49827840,0,183369728,0,1781538816,6444032,0,17616896,0,442150912,133455872,980795392
2025-06-28 16:53:31,31,6687744,0,19603456,0,441761792,3833856,0,13500416,0,353476608,,,,,,55349248,0,217571328,0,495923200,49827840,0,183369728,0,1781538816,6452224,0,17616896,0,442150912,133455872,980795392
2025-06-28 16:53:32,32,6695936,0,19927040,0,441761792,3833856,0,13500416,0,353476608,,,,,,55349248,0,217571328,0,495923200,49827840,0,183369728,0,1781538816,6452224,0,17514496,0,442150912,133455872,980795392
2025-06-28 16:53:33,33,6700032,0,19927040,0,441761792,3833856,0,13500416,0,353476608,,,,,,55349248,0,217571328,0,495923200,49827840,0,183369728,0,1781538816,6460416,0,17514496,0,442150912,133455872,980795392
2025-06-28 16:53:34,34,6700032,0,19730432,0,441761792,3833856,0,13500416,0,353476608,,,,,,55349248,0,217571328,0,495923200,49827840,0,183369728,0,1781538816,6468608,0,17645568,0,442150912,133455872,980795392
2025-06-28 16:53:35,35,6700032,0,19730432,0,441761792,3833856,0,13500416,0,353476608,,,,,,55349248,0,217571328,0,495923200,49827840,0,183369728,0,1781538816,6472704,0,17645568,0,442150912,133455872,980795392
2025-06-28 16:53:36,36,6700032,0,19730432,0,441761792,3833856,0,13500416,0,353476608,,,,,,55349248,0,217571328,0,495923200,49827840,0,183369728,0,1781538816,6476800,0,17645568,0,442150912,133455872,980795392
2025-06-28 16:53:37,37,6708224,0,19726336,0,441761792,3833856,0,13500416,0,353476608,,,,,,55349248,0,217571328,0,495923200,49827840,0,183369728,0,1781538816,6480896,0,17645568,0,442150912,133455872,980795392
2025-06-28 16:53:38,38,6716416,0,19726336,0,441761792,3833856,0,13500416,0,353476608,,,,,,55349248,0,217571328,0,495923200,49827840,0,183369728,0,1781538816,6484992,0,17645568,0,442150912,133455872,980795392
2025-06-28 16:53:39,39,6716416,0,19726336,0,441761792,3833856,0,13500416,0,353476608,,,,,,55349248,0,217571328,0,495923200,49827840,0,183369728,0,1781538816,6489088,0,17645568,0,442150912,133455872,980795392
2025-06-28 16:53:40,40,6716416,0,19922944,0,441761792,3833856,0,13500416,0,353476608,,,,,,55349248,0,217571328,0,495923200,49827840,0,183369728,0,1781538816,6493184,0,17645568,0,442150912,133455872,980860928
2025-06-28 16:53:41,41,6720512,0,19931136,0,441761792,3833856,0,13500416,0,353476608,,,,,,55349248,0,217571328,0,495923200,49827840,0,183369728,0,1781538816,6497280,0,17645568,0,442150912,133455872,980860928
2025-06-28 16:53:42,42,6724608,0,19734528,0,441761792,3833856,0,13500416,0,353476608,,,,,,55349248,0,217571328,0,495923200,49827840,0,183369728,0,1781538816,6497280,0,17477632,0,442150912,133455872,980860928
2025-06-28 16:53:43,43,6736896,0,19730432,0,441761792,3833856,0,13500416,0,353476608,,,,,,55349248,0,217571328,0,495927296,49827840,0,183369728,0,1781538816,6501376,0,17477632,0,442150912,133455872,980860928
2025-06-28 16:53:44,44,6745088,0,19529728,0,441761792,3833856,0,13500416,0,353476608,,,,,,55349248,0,217571328,0,495923200,49827840,0,183369728,0,1781538816,6505472,0,17477632,0,442150912,133455872,980860928
2025-06-28 16:53:45,45,6745088,0,19533824,0,441761792,3833856,0,13500416,0,353476608,,,,,,55349248,0,217571328,0,495923200,49827840,0,183369728,0,1781538816,6505472,0,17543168,0,442150912,133455872,980860928
2025-06-28 16:53:46,46,6749184,0,19726336,0,441761792,3837952,0,13500416,0,353476608,,,,,,55349248,0,217571328,0,495927296,49827840,0,183369728,0,1781538816,6509568,0,17711104,0,442150912,133455872,980795392
2025-06-28 16:53:47,47,6749184,0,19922944,0,441761792,3837952,0,13500416,0,353476608,,,,,,55349248,0,217571328,0,495923200,49827840,0,183369728,0,1781538816,6513664,0,17711104,0,442150912,133455872,980795392
2025-06-28 16:53:48,48,6749184,0,20119552,0,441761792,3837952,0,13500416,0,353476608,,,,,,55353344,0,217571328,0,495923200,49827840,0,183369728,0,1781538816,6517760,0,17842176,0,442150912,133455872,980795392
2025-06-28 16:53:49,49,6753280,0,19927040,0,441761792,3837952,0,13500416,0,353476608,,,,,,55349248,0,217571328,0,495923200,49827840,0,183369728,0,1781538816,6521856,0,17842176,0,442150912,133455872,980795392
2025-06-28 16:53:50,50,6757376,0,20246528,0,441761792,3837952,0,13500416,0,353476608,,,,,,55349248,0,217571328,0,495923200,49827840,0,183369728,0,1781538816,6525952,0,17842176,0,442150912,133455872,980795392
2025-06-28 16:53:51,51,6769664,0,20054016,0,441761792,3837952,0,13500416,0,353476608,,,,,,55349248,0,217571328,0,495923200,49827840,0,183369728,0,1781538816,6530048,0,17842176,0,442150912,133455872,980795392
2025-06-28 16:53:52,52,6769664,0,20058112,0,441761792,3837952,0,13500416,0,353476608,,,,,,55349248,0,217571328,0,495923200,49827840,0,183369728,0,1781538816,6530048,0,17805312,0,442150912,133455872,980795392
2025-06-28 16:53:53,53,6769664,0,20250624,0,441761792,3837952,0,13500416,0,353476608,,,,,,55349248,0,217571328,0,495923200,49827840,0,183369728,0,1781538816,6534144,0,17805312,0,442150912,133455872,980795392
2025-06-28 16:53:54,54,6769664,0,20250624,0,441761792,3837952,0,13500416,0,353476608,,,,,,55349248,0,217571328,0,495923200,49827840,0,183369728,0,1781538816,6538240,0,18104320,0,442150912,133455872,980795392
2025-06-28 16:53:55,55,6769664,0,20054016,0,441761792,3837952,0,13500416,0,353476608,,,,,,55349248,0,217571328,0,495923200,49827840,0,183369728,0,1781538816,6542336,0,18104320,0,442150912,133455872,980795392
2025-06-28 16:53:56,56,6773760,0,19861504,0,441761792,3837952,0,13500416,0,353476608,,,,,,55349248,0,217571328,0,495923200,49827840,0,183369728,0,1781538816,6542336,0,18104320,0,442150912,133455872,980795392
2025-06-28 16:53:57,57,6814720,0,20054016,0,441761792,3837952,0,13500416,0,353476608,,,,,,55349248,0,217571328,0,495927296,49827840,0,183369728,0,1781538816,6550528,0,18104320,0,442150912,133455872,980795392
2025-06-28 16:53:58,58,6814720,0,20246528,0,441761792,3837952,0,13500416,0,353476608,,,,,,55349248,0,217571328,0,495927296,49827840,0,183369728,0,1781538816,6550528,0,18104320,0,442150912,133455872,980795392
2025-06-28 16:53:59,59,6814720,0,20246528,0,441761792,3837952,0,13500416,0,353476608,,,,,,55349248,0,217571328,0,495927296,49827840,0,183369728,0,1781538816,6550528,0,18104320,0,442150912,133455872,980795392
2025-06-28 16:54:00,60,6814720,0,20246528,0,441761792,3837952,0,13500416,0,353476608,,,,,,55349248,0,217571328,0,495923200,49827840,0,183369728,0,1781538816,6554624,0,18104320,0,442150912,133455872,980795392
2025-06-28 16:54:01,61,6822912,0,20246528,0,441761792,3837952,0,13500416,0,353476608,,,,,,55349248,0,217571328,0,495927296,49827840,0,183369728,0,1781538816,6562816,0,18104320,0,442150912,133455872,980795392
2025-06-28 16:54:02,62,6822912,0,20049920,0,441761792,3837952,0,13500416,0,353476608,,,,,,55349248,0,217571328,0,495923200,49827840,0,183369728,0,1781538816,6566912,0,17936384,0,442150912,133455872,980885504
2025-06-28 16:54:03,63,6822912,0,20049920,0,441761792,3837952,0,13500416,0,353476608,,,,,,55349248,0,217571328,0,495923200,49827840,0,183369728,0,1781538816,6575104,0,17936384,0,442150912,133455872,980885504
2025-06-28 16:54:04,64,6822912,0,20049920,0,441761792,3837952,0,13500416,0,353476608,,,,,,55349248,0,217571328,0,495923200,49827840,0,183369728,0,1781538816,6583296,0,18104320,0,442150912,133455872,980885504
2025-06-28 16:54:05,65,6843392,0,19857408,0,441761792,3837952,0,13500416,0,353476608,,,,,,55349248,0,217571328,0,495923200,49827840,0,183369728,0,1781538816,6587392,0,18104320,0,442150912,133455872,980885504
2025-06-28 16:54:06,66,6843392,0,19861504,0,441761792,3837952,0,13500416,0,353476608,,,,,,55349248,0,217571328,0,495927296,49827840,0,183369728,0,1781538816,6591488,0,18104320,0,442150912,133455872,980885504
2025-06-28 16:54:07,67,6843392,0,19664896,0,441761792,3837952,0,13500416,0,353476608,,,,,,55349248,0,217571328,0,495923200,49827840,0,183369728,0,1781538816,6591488,0,18104320,0,442150912,133455872,980885504
2025-06-28 16:54:08,68,6843392,0,19857408,0,441761792,3837952,0,13500416,0,353476608,,,,,,55349248,0,217571328,0,495923200,49827840,0,183369728,0,1781538816,6595584,0,18104320,0,442150912,133455872,980885504
2025-06-28 16:54:09,69,6843392,0,19857408,0,441761792,3837952,0,13500416,0,353476608,,,,,,55349248,0,217571328,0,495923200,49827840,0,183369728,0,1781538816,6599680,0,18104320,0,442150912,133455872,980885504
2025-06-28 16:54:10,70,6835200,0,20176896,0,441761792,3837952,0,13500416,0,353476608,,,,,,55349248,0,217571328,0,495923200,49827840,0,183369728,0,1781538816,6603776,0,18104320,0,442150912,133455872,980885504
2025-06-28 16:54:11,71,6843392,0,20180992,0,441761792,3837952,0,13500416,0,353476608,,,,,,55349248,0,217571328,0,495927296,49827840,0,183369728,0,1781538816,6603776,0,18104320,0,442150912,133455872,980885504
2025-06-28 16:54:12,72,6843392,0,20180992,0,441761792,3837952,0,13500416,0,353476608,,,,,,55349248,0,217571328,0,495927296,49827840,0,183369728,0,1781538816,6607872,0,18104320,0,442150912,133455872,980885504
2025-06-28 16:54:13,73,6851584,0,20185088,0,441761792,3837952,0,13500416,0,353476608,,,,,,55349248,0,217571328,0,495927296,49827840,0,183369728,0,1781538816,6607872,0,18104320,0,442150912,133455872,980885504
2025-06-28 16:54:14,74,6855680,0,20373504,0,441761792,3837952,0,13500416,0,353476608,,,,,,55349248,0,217571328,0,495927296,49827840,0,183369728,0,1781538816,6607872,0,18104320,0,442150912,133455872,980885504
2025-06-28 16:54:15,75,6855680,0,20508672,0,441761792,3837952,0,13500416,0,353476608,,,,,,55353344,0,217571328,0,495923200,49827840,0,183369728,0,1781538816,6607872,0,18104320,0,442150912,133455872,980885504
2025-06-28 16:54:16,76,6859776,0,20307968,0,441761792,3837952,0,13500416,0,353476608,,,,,,55349248,0,217571328,0,495927296,49827840,0,183369728,0,1781538816,6611968,0,18104320,0,442150912,133455872,980885504
2025-06-28 16:54:17,77,6859776,0,20508672,0,441761792,3837952,0,13500416,0,353476608,,,,,,55349248,0,217571328,0,495923200,49827840,0,183369728,0,1781538816,6620160,0,18104320,0,442150912,133455872,980885504
2025-06-28 16:54:18,78,6863872,0,20705280,0,441761792,3837952,0,13500416,0,353476608,,,,,,55353344,0,217571328,0,496189440,49827840,0,183369728,0,1781538816,6624256,0,18104320,0,442150912,133455872,980885504
2025-06-28 16:54:19,79,6863872,0,20508672,0,441761792,3837952,0,13500416,0,353476608,,,,,,55349248,0,217571328,0,495923200,49827840,0,183369728,0,1781538816,6628352,0,18104320,0,442150912,133455872,980885504
2025-06-28 16:54:20,80,6863872,0,20316160,0,441761792,3837952,0,13500416,0,353476608,,,,,,55353344,0,217571328,0,495923200,49827840,0,183369728,0,1781538816,6632448,0,18104320,0,442150912,133455872,980885504
2025-06-28 16:54:21,81,6884352,0,20316160,0,441761792,3837952,0,13500416,0,353476608,,,,,,55349248,0,217571328,0,495927296,49827840,0,183369728,0,1781538816,6640640,0,18104320,0,442150912,133455872,980885504
2025-06-28 16:54:22,82,6884352,0,20123648,0,441761792,3837952,0,13500416,0,353476608,,,,,,55353344,0,217571328,0,495923200,49827840,0,183369728,0,1781538816,6640640,0,18104320,0,442150912,133455872,980885504
2025-06-28 16:54:23,83,6900736,0,20123648,0,441761792,3837952,0,13500416,0,353476608,,,,,,55349248,0,217571328,0,495923200,49827840,0,183369728,0,1781538816,6648832,0,18104320,0,442150912,133455872,980885504
2025-06-28 16:54:24,84,6904832,0,20123648,0,441761792,3837952,0,13500416,0,353476608,,,,,,55349248,0,217571328,0,495927296,49827840,0,183369728,0,1781538816,6657024,0,18104320,0,442150912,133455872,980885504
2025-06-28 16:54:25,85,6904832,0,20119552,0,441761792,3837952,0,13500416,0,353476608,,,,,,55349248,0,217571328,0,495923200,49827840,0,183369728,0,1781538816,6657024,0,18104320,0,442150912,133455872,980885504
2025-06-28 16:54:26,86,6904832,0,20316160,0,441761792,3837952,0,13500416,0,353476608,,,,,,55349248,0,217571328,0,495923200,49827840,0,183369728,0,1781538816,6657024,0,18104320,0,442150912,133455872,980885504
2025-06-28 16:54:27,87,6904832,0,20316160,0,441761792,3837952,0,13500416,0,353476608,,,,,,55349248,0,217571328,0,495923200,49827840,0,183369728,0,1781538816,6661120,0,18104320,0,442150912,133455872,980885504
2025-06-28 16:54:28,88,6917120,0,20316160,0,441761792,3837952,0,13500416,0,353476608,,,,,,55349248,0,217571328,0,495927296,49827840,0,183369728,0,1781538816,6661120,0,18104320,0,442150912,133455872,980885504
2025-06-28 16:54:29,89,6921216,0,20316160,0,441761792,3837952,0,13500416,0,353476608,,,,,,55349248,0,217571328,0,495923200,49827840,0,183369728,0,1781538816,6661120,0,18104320,0,442150912,133455872,980885504
2025-06-28 16:54:30,90,6925312,0,20119552,0,441761792,3837952,0,13500416,0,353476608,,,,,,55349248,0,217571328,0,495927296,49827840,0,183369728,0,1781538816,6665216,0,18104320,0,442150912,133455872,980885504
2025-06-28 16:54:31,91,6925312,0,20316160,0,441761792,3837952,0,13500416,0,353476608,,,,,,55349248,0,217571328,0,495923200,49827840,0,183369728,0,1781538816,6669312,0,18104320,0,442150912,133455872,980885504
2025-06-28 16:54:32,92,6929408,0,20119552,0,441761792,3837952,0,13500416,0,353476608,,,,,,55353344,0,217571328,0,495923200,49827840,0,183369728,0,1781538816,6669312,0,18104320,0,442150912,133455872,980885504
2025-06-28 16:54:33,93,6929408,0,20115456,0,441761792,3837952,0,13500416,0,353476608,,,,,,55349248,0,217571328,0,495923200,49827840,0,183369728,0,1781538816,6673408,0,18104320,0,442150912,133455872,980885504
2025-06-28 16:54:34,94,6941696,0,20119552,0,441761792,3837952,0,13500416,0,353476608,,,,,,55349248,0,217571328,0,495923200,49827840,0,183369728,0,1781538816,6677504,0,18104320,0,442150912,133455872,980885504
2025-06-28 16:54:35,95,6945792,0,20312064,0,441761792,3837952,0,13500416,0,353476608,,,,,,55349248,0,217571328,0,495927296,49827840,0,183369728,0,1781538816,6677504,0,17936384,0,442150912,133455872,980885504
2025-06-28 16:54:36,96,6945792,0,20312064,0,441761792,3837952,0,13500416,0,353476608,,,,,,55349248,0,217571328,0,495923200,49827840,0,183369728,0,1781538816,6677504,0,18067456,0,442150912,133455872,980885504
2025-06-28 16:54:37,97,6945792,0,20316160,0,441761792,3837952,0,13500416,0,353476608,,,,,,55349248,0,217571328,0,495927296,49827840,0,183369728,0,1781538816,6681600,0,18067456,0,442150912,133455872,980885504
2025-06-28 16:54:38,98,6953984,0,20447232,0,441761792,3837952,0,13500416,0,353476608,,,,,,55349248,0,217571328,0,495923200,49827840,0,183369728,0,1781538816,6681600,0,18067456,0,442150912,133455872,980885504
2025-06-28 16:54:39,99,6970368,0,20447232,0,441761792,3837952,0,13500416,0,353476608,,,,,,55349248,0,217571328,0,495923200,49827840,0,183369728,0,1781538816,6681600,0,18067456,0,442150912,133455872,980885504
2025-06-28 16:54:40,100,6978560,0,20639744,0,441761792,3837952,0,13500416,0,353476608,,,,,,55349248,0,217571328,0,495923200,49827840,0,183369728,0,1781538816,6685696,0,18235392,0,442150912,133455872,980885504
2025-06-28 16:54:41,101,6978560,0,20639744,0,441761792,3837952,0,13500416,0,353476608,,,,,,55349248,0,217571328,0,495923200,49827840,0,183369728,0,1781538816,6689792,0,18235392,0,442150912,133455872,980885504
2025-06-28 16:54:42,102,6978560,0,20836352,0,441761792,3837952,0,13500416,0,353476608,,,,,,55349248,0,217571328,0,495923200,49827840,0,183369728,0,1781538816,6689792,0,18235392,0,442150912,133455872,980885504
2025-06-28 16:54:43,103,6986752,0,20836352,0,441761792,3837952,0,13500416,0,353476608,,,,,,55349248,0,217571328,0,495927296,49827840,0,183369728,0,1781538816,6693888,0,18235392,0,442150912,133455872,980885504
2025-06-28 16:54:44,104,6990848,0,20639744,0,441761792,3837952,0,13500416,0,353476608,,,,,,55349248,0,217571328,0,495927296,49827840,0,183369728,0,1781538816,6697984,0,18235392,0,442150912,133455872,980885504
2025-06-28 16:54:45,105,7003136,0,20643840,0,441761792,3837952,0,13500416,0,353476608,,,,,,55349248,0,217571328,0,495923200,49827840,0,183369728,0,1781538816,6702080,0,18235392,0,442150912,133455872,980885504
2025-06-28 16:54:46,106,7003136,0,20643840,0,441761792,3837952,0,13500416,0,353476608,,,,,,55349248,0,217571328,0,495927296,49827840,0,183369728,0,1781538816,6706176,0,18235392,0,442150912,133455872,980885504
2025-06-28 16:54:47,107,7003136,0,20774912,0,441761792,3837952,0,13500416,0,353476608,,,,,,55349248,0,217571328,0,495923200,49827840,0,183369728,0,1781538816,6706176,0,18235392,0,442150912,133455872,980885504
2025-06-28 16:54:48,108,7027712,0,20774912,0,441761792,3842048,0,13500416,0,353476608,,,,,,55349248,0,217571328,0,495923200,49827840,0,183369728,0,1781538816,6710272,0,18235392,0,442150912,133455872,980885504
2025-06-28 16:54:49,109,7027712,0,20779008,0,441761792,3842048,0,13500416,0,353476608,,,,,,55349248,0,217571328,0,495927296,49827840,0,183369728,0,1781538816,6714368,0,18235392,0,442150912,133455872,980885504
2025-06-28 16:54:50,110,7031808,0,20586496,0,441761792,3846144,0,13500416,0,353476608,,,,,,55349248,0,217571328,0,495923200,49827840,0,183369728,0,1781538816,6718464,0,18235392,0,442150912,133455872,980885504
2025-06-28 16:54:51,111,7031808,0,20774912,0,441761792,3846144,0,13500416,0,353476608,,,,,,55349248,0,217571328,0,495923200,49827840,0,183369728,0,1781538816,6718464,0,18235392,0,442150912,133455872,980885504
2025-06-28 16:54:52,112,7031808,0,20643840,0,441761792,3850240,0,13500416,0,353476608,,,,,,55349248,0,217571328,0,495923200,49827840,0,183369728,0,1781538816,6718464,0,18235392,0,442150912,133455872,980885504
2025-06-28 16:54:53,113,7031808,0,20451328,0,441761792,3850240,0,13500416,0,353476608,,,,,,55353344,0,217571328,0,495923200,49827840,0,183369728,0,1781538816,6718464,0,18235392,0,442150912,133455872,980885504
2025-06-28 16:54:54,114,7031808,0,20254720,0,441761792,3850240,0,13500416,0,353476608,,,,,,55349248,0,217571328,0,495923200,49827840,0,183369728,0,1781538816,6718464,0,18235392,0,442150912,133455872,980885504
2025-06-28 16:54:55,115,7031808,0,20058112,0,441761792,3850240,0,13500416,0,353476608,,,,,,55349248,0,217571328,0,495923200,49827840,0,183369728,0,1781538816,6722560,0,18235392,0,442150912,133455872,980885504
2025-06-28 16:54:56,116,7031808,0,20054016,0,441761792,3850240,0,13500416,0,353476608,,,,,,55349248,0,217571328,0,495927296,49827840,0,183369728,0,1781538816,6722560,0,18235392,0,442150912,133455872,980885504
2025-06-28 16:54:57,117,7031808,0,20054016,0,441761792,3850240,0,13500416,0,353476608,,,,,,55349248,0,217571328,0,495923200,49827840,0,183369728,0,1781538816,6726656,0,18235392,0,442150912,133455872,980885504
2025-06-28 16:54:58,118,7031808,0,20058112,0,441761792,3850240,0,13500416,0,353476608,,,,,,55349248,0,217571328,0,495923200,49827840,0,183369728,0,1781538816,6726656,0,18235392,0,442150912,133455872,980893696
2025-06-28 16:54:59,119,7040000,0,20250624,0,441761792,3850240,0,13500416,0,353476608,,,,,,55349248,0,217571328,0,495923200,49827840,0,183369728,0,1781538816,6726656,0,18235392,0,442150912,133455872,980893696
2025-06-28 16:55:00,120,7023616,0,20250624,0,441761792,3850240,0,13500416,0,353476608,,,,,,55349248,0,217571328,0,495923200,49827840,0,183369728,0,1781538816,6730752,0,18235392,0,442150912,133455872,980893696
2025-06-28 16:55:01,121,7023616,0,20447232,0,441761792,3850240,0,13500416,0,353476608,,,,,,55349248,0,217571328,0,495927296,49827840,0,183369728,0,1781538816,6734848,0,18235392,0,442150912,133455872,980893696
2025-06-28 16:55:02,122,7023616,0,20254720,0,441761792,3850240,0,13500416,0,353476608,,,,,,55353344,0,217571328,0,495923200,49827840,0,183369728,0,1781538816,6734848,0,18235392,0,442150912,133455872,980828160
2025-06-28 16:55:03,123,7023616,0,20058112,0,441761792,3850240,0,13500416,0,353476608,,,,,,55353344,0,217571328,0,495923200,49827840,0,183369728,0,1781538816,6738944,0,18235392,0,442150912,133455872,980828160
2025-06-28 16:55:04,124,7023616,0,20058112,0,441761792,3850240,0,13500416,0,353476608,,,,,,55349248,0,217571328,0,495923200,49827840,0,183369728,0,1781538816,6743040,0,18235392,0,442150912,133455872,980828160
2025-06-28 16:55:05,125,7023616,0,19861504,0,441761792,3850240,0,13500416,0,353476608,,,,,,55349248,0,217571328,0,495927296,49827840,0,183369728,0,1781538816,6743040,0,18235392,0,442150912,133455872,980828160
2025-06-28 16:55:06,126,7023616,0,20058112,0,441761792,3850240,0,13500416,0,353476608,,,,,,55349248,0,217571328,0,495923200,49827840,0,183369728,0,1781538816,6743040,0,18235392,0,442150912,133455872,980828160
2025-06-28 16:55:07,127,7023616,0,20058112,0,441761792,3850240,0,13500416,0,353476608,,,,,,55349248,0,217571328,0,495923200,49827840,0,183369728,0,1781538816,6743040,0,18235392,0,442150912,133455872,980828160
2025-06-28 16:55:08,128,7035904,0,20250624,0,441761792,3850240,0,13500416,0,353476608,,,,,,55349248,0,217571328,0,495923200,49827840,0,183369728,0,1781538816,6743040,0,18235392,0,442150912,133455872,980828160
2025-06-28 16:55:09,129,7035904,0,20447232,0,441761792,3850240,0,13500416,0,353476608,,,,,,55349248,0,217571328,0,496189440,49827840,0,183369728,0,1781538816,6743040,0,18235392,0,442150912,133455872,980828160
2025-06-28 16:55:10,130,7035904,0,20447232,0,441761792,3850240,0,13500416,0,353476608,,,,,,55349248,0,217571328,0,495923200,49827840,0,183369728,0,1781538816,6743040,0,18235392,0,442150912,133455872,980828160
2025-06-28 16:55:11,131,7035904,0,20123648,0,441761792,3850240,0,13500416,0,353476608,,,,,,55349248,0,217571328,0,495927296,49827840,0,183369728,0,1781538816,6747136,0,18235392,0,442150912,133455872,980828160
2025-06-28 16:55:12,132,7035904,0,20127744,0,441761792,3850240,0,13500416,0,353476608,,,,,,55349248,0,217571328,0,495923200,49827840,0,183369728,0,1781538816,6751232,0,18235392,0,442150912,133455872,980828160
2025-06-28 16:55:13,133,7040000,0,19927040,0,441761792,3850240,0,13500416,0,353476608,,,,,,55349248,0,217571328,0,495923200,49827840,0,183369728,0,1781538816,6755328,0,18235392,0,442150912,133455872,980828160
2025-06-28 16:55:14,134,7040000,0,19927040,0,441761792,3850240,0,13500416,0,353476608,,,,,,55353344,0,217571328,0,495927296,49827840,0,183369728,0,1781538816,6759424,0,18235392,0,442150912,133455872,980893696
2025-06-28 16:55:15,135,7064576,0,20119552,0,441761792,3850240,0,13500416,0,353476608,,,,,,55349248,0,217571328,0,495923200,49827840,0,183369728,0,1781538816,6763520,0,18235392,0,442150912,133455872,980893696
2025-06-28 16:55:16,136,7064576,0,20320256,0,441761792,3850240,0,13500416,0,353476608,,,,,,55349248,0,217702400,0,495923200,49827840,0,183369728,0,1781538816,6763520,0,18235392,0,442150912,133455872,980893696
2025-06-28 16:55:17,137,7068672,0,20123648,0,441761792,3850240,0,13500416,0,353476608,,,,,,55349248,0,217702400,0,495927296,49827840,0,183369728,0,1781538816,6763520,0,18235392,0,442150912,133455872,980893696
2025-06-28 16:55:18,138,7068672,0,20447232,0,441761792,3850240,0,13500416,0,353476608,,,,,,55349248,0,217702400,0,496189440,49827840,0,183369728,0,1781538816,6763520,0,18235392,0,442150912,133455872,980893696
2025-06-28 16:55:19,139,7068672,0,20447232,0,441761792,3850240,0,13500416,0,353476608,,,,,,55353344,0,217702400,0,495923200,49827840,0,183369728,0,1781538816,6763520,0,18235392,0,442150912,133455872,980893696
2025-06-28 16:55:20,140,7048192,0,20451328,0,441761792,3850240,0,13500416,0,353476608,,,,,,55353344,0,217702400,0,495927296,49827840,0,183369728,0,1781538816,6763520,0,18235392,0,442150912,133455872,980893696
2025-06-28 16:55:21,141,7048192,0,20258816,0,441761792,3850240,0,13500416,0,353476608,,,,,,55349248,0,217702400,0,495923200,49827840,0,183369728,0,1781538816,6763520,0,18235392,0,442150912,133455872,980893696
2025-06-28 16:55:22,142,7052288,0,20389888,0,441761792,3850240,0,13500416,0,353476608,,,,,,55349248,0,217702400,0,495923200,49827840,0,183369728,0,1781538816,6767616,0,18235392,0,442150912,133455872,980893696
2025-06-28 16:55:23,143,7052288,0,20393984,0,441761792,3850240,0,13500416,0,353476608,,,,,,55349248,0,217702400,0,495923200,49827840,0,183369728,0,1781538816,6767616,0,18235392,0,442150912,133455872,980893696
2025-06-28 16:55:24,144,7052288,0,20582400,0,441761792,3850240,0,13500416,0,353476608,,,,,,55349248,0,217702400,0,495923200,49827840,0,183369728,0,1781538816,6767616,0,18235392,0,442150912,133455872,980893696
2025-06-28 16:55:25,145,7072768,0,20582400,0,441761792,3850240,0,13500416,0,353476608,,,,,,55349248,0,217702400,0,495923200,49827840,0,183369728,0,1781538816,6771712,0,18235392,0,442150912,133455872,980893696
2025-06-28 16:55:26,146,7072768,0,20774912,0,441761792,3850240,0,13500416,0,353476608,,,,,,55349248,0,217702400,0,495927296,49827840,0,183369728,0,1781538816,6775808,0,18235392,0,442150912,133455872,980893696
2025-06-28 16:55:27,147,7068672,0,20578304,0,441761792,3850240,0,13500416,0,353476608,,,,,,55349248,0,217702400,0,495923200,49827840,0,183369728,0,1781538816,6775808,0,18235392,0,442150912,133455872,980893696
2025-06-28 16:55:28,148,7068672,0,20578304,0,441761792,3850240,0,13500416,0,353476608,,,,,,55353344,0,217702400,0,495923200,49827840,0,183369728,0,1781538816,6779904,0,18235392,0,442150912,133455872,980893696
2025-06-28 16:55:29,149,7068672,0,20578304,0,441761792,3850240,0,13500416,0,353476608,,,,,,55349248,0,217702400,0,495923200,49827840,0,183369728,0,1781538816,6784000,0,18235392,0,442150912,133455872,980893696
2025-06-28 16:55:30,150,7048192,0,20578304,0,441761792,3850240,0,13500416,0,353476608,,,,,,55349248,0,217702400,0,495923200,49827840,0,183369728,0,1781538816,6788096,0,18235392,0,442150912,133455872,980893696
2025-06-28 16:55:31,151,7048192,0,20381696,0,441761792,3850240,0,13500416,0,353476608,,,,,,55349248,0,217702400,0,495923200,49827840,0,183369728,0,1781538816,6788096,0,18235392,0,442150912,133455872,980893696
2025-06-28 16:55:32,152,7048192,0,20578304,0,441761792,3850240,0,13500416,0,353476608,,,,,,55349248,0,217702400,0,495923200,49827840,0,183369728,0,1781538816,6788096,0,18235392,0,442150912,133455872,980893696
2025-06-28 16:55:33,153,7048192,0,20381696,0,441761792,3850240,0,13500416,0,353476608,,,,,,55349248,0,217702400,0,495923200,49827840,0,183369728,0,1781538816,6788096,0,18235392,0,442150912,133455872,980893696
2025-06-28 16:55:34,154,7048192,0,20381696,0,441761792,3850240,0,13500416,0,353476608,,,,,,55349248,0,217702400,0,495923200,49827840,0,183369728,0,1781538816,6788096,0,18235392,0,442150912,133455872,980893696
2025-06-28 16:55:35,155,7048192,0,20381696,0,441761792,3850240,0,13500416,0,353476608,,,,,,55349248,0,217702400,0,495923200,49827840,0,183369728,0,1781538816,6788096,0,18235392,0,442150912,133455872,980971520
2025-06-28 16:55:36,156,7048192,0,20189184,0,441761792,3850240,0,13500416,0,353476608,,,,,,55349248,0,217702400,0,495923200,49827840,0,183369728,0,1781538816,6792192,0,18235392,0,442150912,133455872,980971520
2025-06-28 16:55:37,157,7048192,0,20385792,0,441761792,3850240,0,13500416,0,353476608,,,,,,55349248,0,217702400,0,495923200,49827840,0,183369728,0,1781538816,6796288,0,18366464,0,442150912,133455872,980971520
2025-06-28 16:55:38,158,7048192,0,20582400,0,441761792,3850240,0,13500416,0,353476608,,,,,,55349248,0,217702400,0,495923200,49827840,0,183369728,0,1781538816,6800384,0,18366464,0,442150912,133455872,980971520
2025-06-28 16:55:39,159,7052288,0,20582400,0,441761792,3850240,0,13500416,0,353476608,,,,,,55349248,0,217702400,0,495923200,49827840,0,183369728,0,1781538816,6804480,0,18366464,0,442150912,133455872,980971520
2025-06-28 16:55:40,160,7068672,0,20578304,0,441761792,3850240,0,13500416,0,353476608,,,,,,55349248,0,217702400,0,495927296,49827840,0,183369728,0,1781538816,6808576,0,18366464,0,442150912,133455872,980971520
2025-06-28 16:55:41,161,7068672,0,20574208,0,441761792,3850240,0,13500416,0,353476608,,,,,,55349248,0,217702400,0,495923200,49827840,0,183369728,0,1781538816,6808576,0,18366464,0,442150912,133455872,980971520
2025-06-28 16:55:42,162,7068672,0,20377600,0,441761792,3850240,0,13500416,0,353476608,,,,,,55349248,0,217702400,0,495923200,49827840,0,183369728,0,1781538816,6812672,0,18366464,0,442150912,133455872,980971520
2025-06-28 16:55:43,163,7068672,0,20377600,0,441761792,3850240,0,13500416,0,353476608,,,,,,55349248,0,217702400,0,495923200,49827840,0,183369728,0,1781538816,6812672,0,18366464,0,442150912,133455872,980971520
2025-06-28 16:55:44,164,7068672,0,20385792,0,441761792,3850240,0,13500416,0,353476608,,,,,,55349248,0,217702400,0,495923200,49827840,0,183369728,0,1781538816,6812672,0,18366464,0,442150912,133455872,980971520
2025-06-28 16:55:45,165,7101440,0,20574208,0,441761792,3850240,0,13500416,0,353476608,,,,,,55349248,0,217702400,0,495923200,49827840,0,183369728,0,1781538816,6812672,0,18366464,0,442150912,133455872,980971520
2025-06-28 16:55:46,166,7101440,0,20574208,0,441761792,3850240,0,13500416,0,353476608,,,,,,55349248,0,217702400,0,495923200,49827840,0,183369728,0,1781538816,6812672,0,18366464,0,442150912,133455872,980971520
2025-06-28 16:55:47,167,7105536,0,20709376,0,441761792,3850240,0,13500416,0,353476608,,,,,,55349248,0,217702400,0,495923200,49827840,0,183369728,0,1781538816,6816768,0,18366464,0,442150912,133455872,980971520
2025-06-28 16:55:48,168,7105536,0,20508672,0,441761792,3850240,0,13500416,0,353476608,,,,,,55349248,0,217702400,0,495923200,49827840,0,183369728,0,1781538816,6816768,0,18366464,0,442150912,133455872,980971520
2025-06-28 16:55:49,169,7105536,0,20508672,0,441761792,3850240,0,13500416,0,353476608,,,,,,55349248,0,217702400,0,495923200,49827840,0,183369728,0,1781538816,6816768,0,18366464,0,442150912,133455872,980971520
2025-06-28 16:55:50,170,7060480,0,20508672,0,441761792,3850240,0,13500416,0,353476608,,,,,,55349248,0,217702400,0,495923200,49827840,0,183369728,0,1781538816,6816768,0,18366464,0,442150912,133455872,980971520
2025-06-28 16:55:51,171,7060480,0,20508672,0,441761792,3850240,0,13500416,0,353476608,,,,,,55349248,0,217702400,0,495923200,49827840,0,183369728,0,1781538816,6816768,0,18366464,0,442150912,133455872,980971520
2025-06-28 16:55:52,172,7060480,0,20705280,0,441761792,3850240,0,13500416,0,353476608,,,,,,55349248,0,217702400,0,495923200,49827840,0,183369728,0,1781538816,6816768,0,18235392,0,442150912,133455872,980971520
2025-06-28 16:55:53,173,7060480,0,20512768,0,441761792,3850240,0,13500416,0,353476608,,,,,,55349248,0,217702400,0,495927296,49827840,0,183369728,0,1781538816,6816768,0,18235392,0,442150912,133455872,980971520
2025-06-28 16:55:54,174,7085056,0,20705280,0,441761792,3850240,0,13500416,0,353476608,,,,,,55349248,0,217702400,0,495923200,49827840,0,183369728,0,1781538816,6816768,0,18067456,0,442150912,133455872,980971520
2025-06-28 16:55:55,175,7085056,0,20705280,0,441761792,3850240,0,13500416,0,353476608,,,,,,55349248,0,217702400,0,495923200,49827840,0,183369728,0,1781538816,6816768,0,18366464,0,442150912,133455872,980971520
2025-06-28 16:55:56,176,7089152,0,20705280,0,441761792,3850240,0,13500416,0,353476608,,,,,,55349248,0,217702400,0,495923200,49827840,0,183369728,0,1781538816,6820864,0,18366464,0,442150912,133455872,980971520
2025-06-28 16:55:57,177,7089152,0,20705280,0,441761792,3850240,0,13500416,0,353476608,,,,,,55349248,0,217702400,0,495927296,49827840,0,183369728,0,1781538816,6820864,0,18497536,0,442150912,133455872,980971520
2025-06-28 16:55:58,178,7089152,0,20705280,0,441761792,3850240,0,13500416,0,353476608,,,,,,55349248,0,217702400,0,495923200,49827840,0,183369728,0,1781538816,6824960,0,18497536,0,442150912,133455872,981037056
2025-06-28 16:55:59,179,7089152,0,20709376,0,441761792,3850240,0,13500416,0,353476608,,,,,,55349248,0,217702400,0,495923200,49827840,0,183369728,0,1781538816,6829056,0,18497536,0,442150912,133455872,981037056
2025-06-28 16:56:00,180,7089152,0,20516864,0,441761792,3850240,0,13500416,0,353476608,,,,,,55349248,0,217702400,0,495927296,49827840,0,183369728,0,1781538816,6833152,0,18497536,0,442150912,133455872,981037056
2025-06-28 16:56:01,181,7089152,0,20516864,0,441761792,3850240,0,13500416,0,353476608,,,,,,55349248,0,217702400,0,495923200,49827840,0,183369728,0,1781538816,6833152,0,18497536,0,442150912,133455872,981037056
2025-06-28 16:56:02,182,7105536,0,20709376,0,441761792,3850240,0,13500416,0,353476608,,,,,,55349248,0,217702400,0,495923200,49827840,0,183369728,0,1781538816,6837248,0,18497536,0,442150912,133455872,981037056
2025-06-28 16:56:03,183,7113728,0,20512768,0,441761792,3850240,0,13500416,0,353476608,,,,,,55349248,0,217702400,0,495923200,49827840,0,183369728,0,1781538816,6837248,0,18329600,0,442150912,133455872,981037056
2025-06-28 16:56:04,184,7113728,0,20512768,0,441761792,3850240,0,13500416,0,353476608,,,,,,55349248,0,217702400,0,495923200,49827840,0,183369728,0,1781538816,6837248,0,18329600,0,442150912,133455872,981037056
2025-06-28 16:56:05,185,7113728,0,20512768,0,441761792,3850240,0,13500416,0,353476608,,,,,,55353344,0,217702400,0,495923200,49827840,0,183369728,0,1781538816,6890496,0,18497536,0,442150912,133455872,981037056
2025-06-28 16:56:06,186,7113728,0,20512768,0,441761792,3850240,0,13500416,0,353476608,,,,,,55349248,0,217702400,0,495923200,49827840,0,183369728,0,1781538816,6890496,0,18497536,0,442150912,133455872,981037056
2025-06-28 16:56:07,187,7113728,0,20516864,0,441761792,3850240,0,13500416,0,353476608,,,,,,55349248,0,217702400,0,495923200,49827840,0,183369728,0,1781538816,6890496,0,18497536,0,442150912,133455872,981037056
2025-06-28 16:56:08,188,7113728,0,20713472,0,441761792,3850240,0,13500416,0,353476608,,,,,,55353344,0,217702400,0,496189440,49827840,0,183369728,0,1781538816,6890496,0,18497536,0,442150912,133455872,981037056
2025-06-28 16:56:09,189,7113728,0,20389888,0,441761792,3850240,0,13500416,0,353476608,,,,,,55349248,0,217702400,0,495923200,49827840,0,183369728,0,1781538816,6890496,0,18497536,0,442150912,141053952,981037056
2025-06-28 16:56:10,190,7113728,0,20258816,0,441761792,3850240,0,13500416,0,353476608,,,,,,55349248,0,217702400,0,495923200,49827840,0,183369728,0,1781538816,6935552,0,18497536,0,442150912,141086720,981037056
2025-06-28 16:56:11,191,7113728,0,20258816,0,441761792,3850240,0,13500416,0,353476608,,,,,,55349248,0,217702400,0,495927296,49827840,0,183369728,0,1781538816,6935552,0,18497536,0,442150912,141774848,981037056
2025-06-28 16:56:12,192,7113728,0,20062208,0,441761792,3850240,0,13500416,0,353476608,,,,,,55349248,0,217702400,0,495923200,49827840,0,183369728,0,1781538816,6935552,0,18497536,0,442150912,141774848,981037056
2025-06-28 16:56:13,193,7113728,0,20058112,0,441761792,3850240,0,13500416,0,353476608,,,,,,55349248,0,217702400,0,495927296,49827840,0,183369728,0,1781538816,6935552,0,18497536,0,442150912,138862592,981037056
2025-06-28 16:56:14,194,7113728,0,20062208,0,441761792,3850240,0,13500416,0,353476608,,,,,,55349248,0,217702400,0,495923200,49827840,0,183369728,0,1781538816,6935552,0,18497536,0,442150912,135241728,981037056
2025-06-28 16:56:15,195,7113728,0,20254720,0,441761792,3850240,0,13500416,0,353476608,,,,,,55349248,0,217702400,0,495923200,49827840,0,183369728,0,1781538816,6935552,0,18497536,0,442150912,135241728,981037056
2025-06-28 16:56:16,196,7113728,0,20254720,0,441761792,3850240,0,13500416,0,353476608,,,,,,55349248,0,217702400,0,496189440,49827840,0,183369728,0,1781538816,6935552,0,18497536,0,442150912,134717440,980971520
2025-06-28 16:56:17,197,7113728,0,20058112,0,441761792,3850240,0,13500416,0,353476608,,,,,,55353344,0,217702400,0,495923200,49827840,0,183369728,0,1781538816,6939648,0,18497536,0,442150912,134717440,980971520
2025-06-28 16:56:18,198,7113728,0,20054016,0,441761792,3850240,0,13500416,0,353476608,,,,,,55349248,0,217702400,0,495923200,49827840,0,183369728,0,1781538816,6939648,0,18497536,0,442150912,134692864,980971520
2025-06-28 16:56:19,199,7113728,0,20049920,0,441761792,3850240,0,13500416,0,353476608,,,,,,55349248,0,217702400,0,495923200,49827840,0,183369728,0,1781538816,6939648,0,18190336,0,442150912,134721536,980971520
2025-06-28 16:56:20,200,7113728,0,20246528,0,441761792,3850240,0,13500416,0,353476608,,,,,,55349248,0,217702400,0,495923200,49827840,0,183369728,0,1781538816,6939648,0,18190336,0,442150912,134721536,980971520
2025-06-28 16:56:21,201,7113728,0,20246528,0,441761792,3850240,0,13500416,0,353476608,,,,,,55349248,0,217702400,0,495923200,49827840,0,183369728,0,1781538816,6943744,0,18358272,0,442150912,142897152,980971520
2025-06-28 16:56:22,202,7113728,0,20455424,0,441761792,3850240,0,13500416,0,353476608,,,,,,55349248,0,217702400,0,495927296,49827840,0,183369728,0,1781538816,6943744,0,18358272,0,442150912,142897152,980971520
2025-06-28 16:56:23,203,7121920,0,20267008,0,441761792,3850240,0,13500416,0,353476608,,,,,,55349248,0,217702400,0,495923200,49827840,0,183369728,0,1781538816,6947840,0,18358272,0,442150912,142897152,980971520
2025-06-28 16:56:24,204,7121920,0,20258816,0,441761792,3850240,0,13500416,0,353476608,,,,,,55349248,0,217702400,0,495923200,49827840,0,183369728,0,1781538816,6951936,0,18358272,0,442150912,146534400,980971520
2025-06-28 16:56:25,205,7121920,0,20258816,0,441761792,3850240,0,13500416,0,353476608,,,,,,55349248,0,217702400,0,495923200,49827840,0,183369728,0,1781538816,6951936,0,18358272,0,442150912,141864960,980971520
2025-06-28 16:56:26,206,7126016,0,20578304,0,441761792,3850240,0,13500416,0,353476608,,,,,,55349248,0,217702400,0,495923200,49827840,0,183369728,0,1781538816,6951936,0,18358272,0,442150912,141864960,980971520
2025-06-28 16:56:27,207,7126016,0,20578304,0,441761792,3850240,0,13500416,0,353476608,,,,,,55349248,0,217702400,0,495923200,49827840,0,183369728,0,1781538816,6951936,0,18358272,0,442150912,146108416,980971520
2025-06-28 16:56:28,208,7126016,0,20381696,0,441761792,3850240,0,13500416,0,353476608,,,,,,55349248,0,217702400,0,495923200,49827840,0,183369728,0,1781538816,6951936,0,18358272,0,442150912,143265792,980971520
2025-06-28 16:56:29,209,7126016,0,20254720,0,441761792,3850240,0,13500416,0,353476608,,,,,,55349248,0,217702400,0,495923200,49827840,0,183369728,0,1781538816,6951936,0,18358272,0,442150912,143265792,980971520
2025-06-28 16:56:30,210,7126016,0,20254720,0,441761792,3850240,0,13500416,0,353476608,,,,,,55349248,0,217702400,0,495923200,49827840,0,183369728,0,1781538816,6951936,0,18358272,0,442150912,140054528,980971520
2025-06-28 16:56:31,211,7126016,0,19931136,0,441761792,3850240,0,13500416,0,353476608,,,,,,55349248,0,217702400,0,495923200,49827840,0,183369728,0,1781538816,6951936,0,18358272,0,442150912,140054528,980971520
2025-06-28 16:56:32,212,7126016,0,20123648,0,441761792,3850240,0,13500416,0,353476608,,,,,,55349248,0,217702400,0,495923200,49827840,0,183369728,0,1781538816,6956032,0,18358272,0,442150912,142127104,980971520
2025-06-28 16:56:33,213,7130112,0,19935232,0,441761792,3850240,0,13500416,0,353476608,,,,,,55349248,0,217702400,0,495923200,49827840,0,183369728,0,1781538816,6956032,0,18358272,0,442150912,146890752,980971520
2025-06-28 16:56:34,214,7130112,0,20127744,0,441761792,3850240,0,13500416,0,353476608,,,,,,55349248,0,217702400,0,495923200,49827840,0,183369728,0,1781538816,6956032,0,18358272,0,442150912,143384576,980971520
2025-06-28 16:56:35,215,7130112,0,20115456,0,441761792,3850240,0,13500416,0,353476608,,,,,,55349248,0,217702400,0,495927296,49827840,0,183369728,0,1781538816,6956032,0,18358272,0,442150912,143384576,980971520
2025-06-28 16:56:36,216,7150592,0,20443136,0,441761792,3850240,0,13500416,0,353476608,,,,,,55349248,0,217702400,0,495927296,49827840,0,183369728,0,1781538816,6956032,0,18358272,0,442150912,143355904,980971520
2025-06-28 16:56:37,217,7150592,0,20443136,0,441761792,3850240,0,13500416,0,353476608,,,,,,55349248,0,217702400,0,495923200,49827840,0,183369728,0,1781538816,6956032,0,18358272,0,442150912,143355904,980971520
2025-06-28 16:56:38,218,7150592,0,20639744,0,441761792,3850240,0,13500416,0,353476608,,,,,,55349248,0,217702400,0,495927296,49827840,0,183369728,0,1781538816,6956032,0,18358272,0,442150912,143974400,980971520
2025-06-28 16:56:39,219,7150592,0,20443136,0,441761792,3850240,0,13500416,0,353476608,,,,,,55349248,0,217702400,0,495923200,49827840,0,183369728,0,1781538816,6956032,0,18358272,0,442150912,143974400,980971520
2025-06-28 16:56:40,220,7154688,0,20447232,0,441761792,3850240,0,13500416,0,353476608,,,,,,55349248,0,217702400,0,495923200,49827840,0,183369728,0,1781538816,6956032,0,18358272,0,442150912,142442496,980971520
2025-06-28 16:56:41,221,7146496,0,20250624,0,441761792,3850240,0,13500416,0,353476608,,,,,,55349248,0,217702400,0,495923200,49827840,0,183369728,0,1781538816,6960128,0,18358272,0,442150912,143462400,980971520
2025-06-28 16:56:42,222,7150592,0,20250624,0,441761792,3850240,0,13500416,0,353476608,,,,,,55349248,0,217702400,0,495923200,49827840,0,183369728,0,1781538816,6960128,0,18358272,0,442150912,148443136,980971520
2025-06-28 16:56:43,223,7150592,0,20447232,0,441761792,3850240,0,13500416,0,353476608,,,,,,55349248,0,217702400,0,495923200,49827840,0,183369728,0,1781538816,6964224,0,18358272,0,442150912,148443136,980971520
2025-06-28 16:56:44,224,7150592,0,20254720,0,441761792,3850240,0,13500416,0,353476608,,,,,,55349248,0,217702400,0,495923200,49827840,0,183369728,0,1781538816,6968320,0,18358272,0,442150912,148926464,980971520
2025-06-28 16:56:45,225,7150592,0,20451328,0,441761792,3850240,0,13500416,0,353476608,,,,,,55349248,0,217702400,0,495923200,49827840,0,183369728,0,1781538816,6968320,0,18358272,0,442150912,145915904,980971520
2025-06-28 16:56:46,226,7150592,0,20643840,0,441761792,3850240,0,13500416,0,353476608,,,,,,55349248,0,217702400,0,495927296,49827840,0,183369728,0,1781538816,6972416,0,18358272,0,442150912,145915904,980971520
2025-06-28 16:56:47,227,7150592,0,20447232,0,441761792,3850240,0,13500416,0,353476608,,,,,,55349248,0,217702400,0,495923200,49827840,0,183369728,0,1781538816,6976512,0,18358272,0,442150912,146272256,980971520
2025-06-28 16:56:48,228,7158784,0,20254720,0,441761792,3850240,0,13500416,0,353476608,,,,,,55353344,0,217702400,0,495927296,49827840,0,183369728,0,1781538816,6980608,0,18489344,0,442150912,147427328,980971520
2025-06-28 16:56:49,229,7158784,0,20254720,0,441761792,3850240,0,13500416,0,353476608,,,,,,55349248,0,217702400,0,495923200,49827840,0,183369728,0,1781538816,6984704,0,18489344,0,442150912,147427328,980971520
2025-06-28 16:56:50,230,7154688,0,20250624,0,441761792,3850240,0,13500416,0,353476608,,,,,,55349248,0,217702400,0,495923200,49827840,0,183369728,0,1781538816,6984704,0,18489344,0,442150912,147914752,980971520
2025-06-28 16:56:51,231,7154688,0,20250624,0,441761792,3850240,0,13500416,0,353476608,,,,,,55349248,0,217702400,0,495927296,49827840,0,183369728,0,1781538816,6984704,0,18489344,0,442150912,148578304,980971520
2025-06-28 16:56:52,232,7175168,0,20058112,0,441761792,3850240,0,13500416,0,353476608,,,,,,55349248,0,217702400,0,495923200,49827840,0,183369728,0,1781538816,6984704,0,18489344,0,442150912,148578304,980971520
2025-06-28 16:56:53,233,7179264,0,20058112,0,441761792,3850240,0,13500416,0,353476608,,,,,,55349248,0,217702400,0,495923200,49827840,0,183369728,0,1781538816,6984704,0,18489344,0,442150912,154558464,980971520
2025-06-28 16:56:54,234,7179264,0,20058112,0,441761792,3850240,0,13500416,0,353476608,,,,,,55357440,0,217702400,0,495923200,49827840,0,183369728,0,1781538816,6984704,0,18489344,0,442150912,148566016,980971520
2025-06-28 16:56:55,235,7199744,0,20058112,0,441761792,3850240,0,13500416,0,353476608,,,,,,55353344,0,217702400,0,495923200,49827840,0,183369728,0,1781538816,6984704,0,18489344,0,442150912,149536768,980971520
2025-06-28 16:56:56,236,7199744,0,20058112,0,441761792,3850240,0,13500416,0,353476608,,,,,,55349248,0,217702400,0,495927296,49827840,0,183369728,0,1781538816,6984704,0,18489344,0,442150912,149536768,980971520
2025-06-28 16:56:57,237,7187456,0,20250624,0,441761792,3850240,0,13500416,0,353476608,,,,,,55349248,0,217702400,0,495923200,49827840,0,183369728,0,1781538816,6984704,0,18489344,0,442150912,146591744,980971520
2025-06-28 16:56:58,238,7199744,0,20246528,0,441761792,3850240,0,13500416,0,353476608,,,,,,55349248,0,217702400,0,495923200,49827840,0,183369728,0,1781538816,6984704,0,18489344,0,442150912,146591744,981037056
2025-06-28 16:56:59,239,7199744,0,20058112,0,441761792,3850240,0,13500416,0,353476608,,,,,,55349248,0,217702400,0,495923200,49827840,0,183369728,0,1781538816,6984704,0,18489344,0,442150912,146591744,981037056
2025-06-28 16:57:00,240,7183360,0,20062208,0,441761792,3850240,0,13500416,0,353476608,,,,,,55349248,0,217702400,0,495923200,49827840,0,183369728,0,1781538816,6984704,0,18489344,0,442150912,149278720,981037056
2025-06-28 16:57:01,241,7183360,0,20062208,0,441761792,3850240,0,13500416,0,353476608,,,,,,55349248,0,217702400,0,495923200,49827840,0,183369728,0,1781538816,6984704,0,18489344,0,442150912,149278720,981037056
2025-06-28 16:57:02,242,7183360,0,20385792,0,441761792,3850240,0,13500416,0,353476608,,,,,,55349248,0,217702400,0,495923200,49827840,0,183369728,0,1781538816,6984704,0,18489344,0,442150912,152862720,981037056
2025-06-28 16:57:03,243,7183360,0,20385792,0,441761792,3850240,0,13500416,0,353476608,,,,,,55349248,0,217702400,0,495923200,49827840,0,183369728,0,1781538816,6984704,0,18489344,0,442150912,152866816,981037056
2025-06-28 16:57:04,244,7183360,0,20385792,0,441761792,3850240,0,13500416,0,353476608,,,,,,55349248,0,217702400,0,495923200,49827840,0,183369728,0,1781538816,6984704,0,18489344,0,442150912,150102016,981037056
2025-06-28 16:57:05,245,7179264,0,20385792,0,441761792,3850240,0,13500416,0,353476608,,,,,,55349248,0,217702400,0,495923200,49827840,0,183369728,0,1781538816,6984704,0,18489344,0,442150912,150102016,981037056
2025-06-28 16:57:06,246,7179264,0,20385792,0,441761792,3850240,0,13500416,0,353476608,,,,,,55349248,0,217702400,0,495923200,49827840,0,183369728,0,1781538816,6984704,0,18489344,0,442150912,150102016,981037056
2025-06-28 16:57:07,247,7179264,0,20582400,0,441761792,3850240,0,13500416,0,353476608,,,,,,55349248,0,217702400,0,495923200,49827840,0,183369728,0,1781538816,6984704,0,18489344,0,442150912,156123136,981037056
2025-06-28 16:57:08,248,7175168,0,20582400,0,441761792,3850240,0,13500416,0,353476608,,,,,,55349248,0,217702400,0,495923200,49827840,0,183369728,0,1781538816,6984704,0,18489344,0,442150912,156123136,981037056
2025-06-28 16:57:09,249,7175168,0,20582400,0,441761792,3850240,0,13500416,0,353476608,,,,,,55349248,0,217702400,0,495923200,49827840,0,183369728,0,1781538816,6984704,0,18489344,0,442150912,147845120,981037056
2025-06-28 16:57:10,250,7183360,0,20385792,0,441761792,3850240,0,13500416,0,353476608,,,,,,55349248,0,217702400,0,495923200,49827840,0,183369728,0,1781538816,6984704,0,18489344,0,442150912,153812992,981037056
2025-06-28 16:57:11,251,7183360,0,20385792,0,441761792,3850240,0,13500416,0,353476608,,,,,,55349248,0,217702400,0,495923200,49827840,0,183369728,0,1781538816,6984704,0,18489344,0,442150912,153812992,981037056
2025-06-28 16:57:12,252,7183360,0,20185088,0,441761792,3850240,0,13500416,0,353476608,,,,,,55352320,0,217702400,0,495923200,49827840,0,183369728,0,1781538816,6984704,0,18489344,0,442150912,151207936,981037056
2025-06-28 16:57:13,253,7183360,0,20185088,0,441761792,3850240,0,13500416,0,353476608,,,,,,55353344,0,217702400,0,495927296,49827840,0,183369728,0,1781538816,6984704,0,18489344,0,442150912,158093312,981037056
2025-06-28 16:57:14,254,7183360,0,20176896,0,441761792,3850240,0,13500416,0,353476608,,,,,,55349248,0,217702400,0,495923200,49827840,0,183369728,0,1781538816,6984704,0,18489344,0,442150912,158093312,981037056
2025-06-28 16:57:15,255,7187456,0,20041728,0,441761792,3850240,0,13500416,0,353476608,,,,,,55349248,0,217833472,0,495923200,49827840,0,183369728,0,1781538816,6984704,0,18489344,0,442150912,153735168,981037056
2025-06-28 16:57:16,256,7187456,0,20041728,0,441761792,3850240,0,13500416,0,353476608,,,,,,55349248,0,217833472,0,495923200,49827840,0,183369728,0,1781538816,6988800,0,18489344,0,442150912,153735168,981037056
2025-06-28 16:57:17,257,7199744,0,19841024,0,441761792,3850240,0,13500416,0,353476608,,,,,,55349248,0,217833472,0,495923200,49827840,0,183369728,0,1781538816,6988800,0,18489344,0,442150912,157151232,981037056
2025-06-28 16:57:18,258,7207936,0,19845120,0,441761792,3850240,0,13500416,0,353476608,,,,,,55349248,0,217833472,0,495923200,49827840,0,183369728,0,1781538816,6992896,0,18489344,0,442150912,158429184,981037056
2025-06-28 16:57:19,259,7207936,0,20045824,0,441761792,3850240,0,13500416,0,353476608,,,,,,55349248,0,217833472,0,495927296,49827840,0,183369728,0,1781538816,6996992,0,18489344,0,442150912,158429184,981037056
2025-06-28 16:57:20,260,7203840,0,20045824,0,441761792,3850240,0,13500416,0,353476608,,,,,,55349248,0,217833472,0,495923200,49827840,0,183369728,0,1781538816,6996992,0,18489344,0,442150912,147640320,981037056
2025-06-28 16:57:21,261,7203840,0,20242432,0,441761792,3850240,0,13500416,0,353476608,,,,,,55349248,0,217833472,0,495923200,49827840,0,183369728,0,1781538816,6996992,0,18489344,0,442150912,147640320,981037056
2025-06-28 16:57:22,262,7207936,0,20045824,0,441761792,3850240,0,13500416,0,353476608,,,,,,55353344,0,217833472,0,495923200,49827840,0,183369728,0,1781538816,7001088,0,18489344,0,442150912,158941184,981037056
2025-06-28 16:57:23,263,7207936,0,20242432,0,441761792,3850240,0,13500416,0,353476608,,,,,,55349248,0,217833472,0,495923200,49827840,0,183369728,0,1781538816,7001088,0,18489344,0,442150912,155041792,981037056
2025-06-28 16:57:24,264,7207936,0,20242432,0,441761792,3850240,0,13500416,0,353476608,,,,,,55349248,0,217833472,0,495923200,49827840,0,183369728,0,1781538816,7001088,0,18489344,0,442150912,155041792,981037056
2025-06-28 16:57:25,265,7207936,0,20242432,0,441761792,3850240,0,13500416,0,353476608,,,,,,55349248,0,217833472,0,495923200,49827840,0,183369728,0,1781538816,7001088,0,18489344,0,442150912,155127808,981037056
2025-06-28 16:57:26,266,7207936,0,20049920,0,441761792,3850240,0,13500416,0,353476608,,,,,,55349248,0,217833472,0,495927296,49827840,0,183369728,0,1781538816,7001088,0,18489344,0,442150912,161538048,981037056
2025-06-28 16:57:27,267,7207936,0,20242432,0,441761792,3850240,0,13500416,0,353476608,,,,,,55349248,0,217833472,0,495923200,49827840,0,183369728,0,1781538816,7001088,0,18489344,0,442150912,161538048,981037056
2025-06-28 16:57:28,268,7207936,0,20246528,0,441761792,3850240,0,13500416,0,353476608,,,,,,55349248,0,217833472,0,495923200,49827840,0,183369728,0,1781538816,7001088,0,18489344,0,442150912,164032512,981037056
2025-06-28 16:57:29,269,7207936,0,20246528,0,441761792,3850240,0,13500416,0,353476608,,,,,,55349248,0,217833472,0,495923200,49827840,0,183369728,0,1781538816,7001088,0,18489344,0,442150912,164032512,981037056
2025-06-28 16:57:30,270,7216128,0,20054016,0,441761792,3850240,0,13500416,0,353476608,,,,,,55349248,0,217833472,0,495923200,49827840,0,183369728,0,1781538816,7001088,0,18489344,0,442150912,164048896,981037056
2025-06-28 16:57:31,271,7216128,0,20250624,0,441761792,3850240,0,13500416,0,353476608,,,,,,55349248,0,217833472,0,495923200,49827840,0,183369728,0,1781538816,7001088,0,18489344,0,442150912,161509376,981037056
2025-06-28 16:57:32,272,7216128,0,20115456,0,441761792,3850240,0,13500416,0,353476608,,,,,,55349248,0,217833472,0,495923200,49827840,0,183369728,0,1781538816,7001088,0,18489344,0,442150912,154726400,981037056
2025-06-28 16:57:33,273,7216128,0,20119552,0,441761792,3850240,0,13500416,0,353476608,,,,,,55349248,0,217833472,0,495923200,49827840,0,183369728,0,1781538816,7001088,0,18620416,0,442150912,154923008,981037056
2025-06-28 16:57:34,274,7216128,0,20119552,0,441761792,3850240,0,13500416,0,353476608,,,,,,55353344,0,217833472,0,495923200,49827840,0,183369728,0,1781538816,7001088,0,18620416,0,442150912,154923008,981037056
2025-06-28 16:57:35,275,7212032,0,20250624,0,441761792,3850240,0,13500416,0,353476608,,,,,,55349248,0,217833472,0,495923200,49827840,0,183369728,0,1781538816,7001088,0,18620416,0,442150912,159469568,981037056
2025-06-28 16:57:36,276,7212032,0,20373504,0,441761792,3850240,0,13500416,0,353476608,,,,,,55349248,0,217833472,0,495927296,49827840,0,183369728,0,1781538816,7001088,0,18620416,0,442150912,157278208,981037056
2025-06-28 16:57:37,277,7212032,0,20180992,0,441761792,3850240,0,13500416,0,353476608,,,,,,55353344,0,217833472,0,495923200,49827840,0,183369728,0,1781538816,7005184,0,18620416,0,442150912,157278208,981037056
2025-06-28 16:57:38,278,7212032,0,20180992,0,441761792,3850240,0,13500416,0,353476608,,,,,,55349248,0,217833472,0,496189440,49827840,0,183369728,0,1781538816,7005184,0,18620416,0,442150912,156057600,981037056
2025-06-28 16:57:39,279,7212032,0,20176896,0,441761792,3850240,0,13500416,0,353476608,,,,,,55353344,0,217833472,0,495923200,49827840,0,183369728,0,1781538816,7005184,0,18489344,0,442150912,157581312,981037056
2025-06-28 16:57:40,280,7216128,0,20381696,0,441761792,3850240,0,13500416,0,353476608,,,,,,55349248,0,217833472,0,495927296,49827840,0,183369728,0,1781538816,7005184,0,18489344,0,442150912,160722944,981037056
2025-06-28 16:57:41,281,7216128,0,20381696,0,441761792,3850240,0,13500416,0,353476608,,,,,,55353344,0,217833472,0,495923200,49827840,0,183369728,0,1781538816,7009280,0,18489344,0,442150912,160722944,981037056
2025-06-28 16:57:42,282,7216128,0,20381696,0,441761792,3850240,0,13500416,0,353476608,,,,,,55349248,0,217833472,0,495923200,49827840,0,183369728,0,1781538816,7009280,0,18489344,0,442150912,151818240,981037056
2025-06-28 16:57:43,283,7216128,0,20574208,0,441761792,3850240,0,13500416,0,353476608,,,,,,55349248,0,217833472,0,495923200,49827840,0,183369728,0,1781538816,7013376,0,18489344,0,442150912,152612864,981037056
2025-06-28 16:57:44,284,7216128,0,20381696,0,441761792,3850240,0,13500416,0,353476608,,,,,,55353344,0,217833472,0,495923200,49827840,0,183369728,0,1781538816,7017472,0,18489344,0,442150912,153440256,981037056
2025-06-28 16:57:45,285,7224320,0,20574208,0,441761792,3850240,0,13500416,0,353476608,,,,,,55349248,0,217833472,0,495927296,49827840,0,183369728,0,1781538816,7017472,0,18489344,0,442150912,153440256,981037056
2025-06-28 16:57:46,286,7224320,0,20574208,0,441761792,3850240,0,13500416,0,353476608,,,,,,55349248,0,217833472,0,495923200,49827840,0,183369728,0,1781538816,7017472,0,18489344,0,442150912,152006656,981037056
2025-06-28 16:57:47,287,7224320,0,20582400,0,441761792,3850240,0,13500416,0,353476608,,,,,,55353344,0,217833472,0,496189440,49827840,0,183369728,0,1781538816,7017472,0,18489344,0,442150912,156430336,981037056
2025-06-28 16:57:48,288,7224320,0,20582400,0,441761792,3850240,0,13500416,0,353476608,,,,,,55349248,0,217833472,0,495923200,49827840,0,183369728,0,1781538816,7017472,0,18489344,0,442150912,156430336,981037056
2025-06-28 16:57:49,289,7224320,0,20582400,0,441761792,3850240,0,13500416,0,353476608,,,,,,55349248,0,217833472,0,496189440,49827840,0,183369728,0,1781538816,7017472,0,18489344,0,442150912,165588992,981037056
2025-06-28 16:57:50,290,7248896,0,20582400,0,441761792,3850240,0,13500416,0,353476608,,,,,,55349248,0,217833472,0,495923200,49827840,0,183369728,0,1781538816,7017472,0,18489344,0,442150912,165588992,981037056
2025-06-28 16:57:51,291,7248896,0,20574208,0,441761792,3850240,0,13500416,0,353476608,,,,,,55349248,0,217833472,0,495923200,49827840,0,183369728,0,1781538816,7017472,0,18489344,0,442150912,160006144,981041152
2025-06-28 16:57:52,292,7248896,0,20770816,0,441761792,3850240,0,13500416,0,353476608,,,,,,55353344,0,217833472,0,495923200,49827840,0,183369728,0,1781538816,7017472,0,18489344,0,442150912,160006144,981041152
2025-06-28 16:57:53,293,7248896,0,20574208,0,441761792,3850240,0,13500416,0,353476608,,,,,,55349248,0,217833472,0,495927296,49827840,0,183369728,0,1781538816,7017472,0,18489344,0,442150912,169381888,981041152
2025-06-28 16:57:54,294,7248896,0,20377600,0,441761792,3850240,0,13500416,0,353476608,,,,,,55349248,0,217833472,0,495923200,49827840,0,183369728,0,1781538816,7017472,0,18489344,0,442150912,163512320,981041152
2025-06-28 16:57:55,295,7220224,0,20381696,0,441761792,3850240,0,13500416,0,353476608,,,,,,55349248,0,217833472,0,495927296,49827840,0,183369728,0,1781538816,7017472,0,18489344,0,442150912,163512320,981041152
2025-06-28 16:57:56,296,7220224,0,20705280,0,441761792,3850240,0,13500416,0,353476608,,,,,,55349248,0,217833472,0,495923200,49827840,0,183369728,0,1781538816,7017472,0,18489344,0,442150912,161800192,981041152
2025-06-28 16:57:57,297,7220224,0,20705280,0,441761792,3850240,0,13500416,0,353476608,,,,,,55349248,0,217833472,0,495923200,49827840,0,183369728,0,1781538816,7017472,0,18620416,0,442150912,161804288,981041152
2025-06-28 16:57:58,298,7220224,0,20709376,0,441761792,3850240,0,13500416,0,353476608,,,,,,55349248,0,217833472,0,495923200,49827840,0,183369728,0,1781538816,7017472,0,18620416,0,442150912,161804288,981041152
2025-06-28 16:57:59,299,7224320,0,20709376,0,441761792,3850240,0,13500416,0,353476608,,,,,,55349248,0,217833472,0,495923200,49827840,0,183369728,0,1781538816,7017472,0,18620416,0,442150912,161804288,981041152
2025-06-28 16:58:00,300,7224320,0,20512768,0,441761792,3850240,0,13500416,0,353476608,,,,,,55349248,0,217833472,0,495927296,49827840,0,183369728,0,1781538816,7017472,0,18620416,0,442150912,161804288,981041152
2025-06-28 16:58:01,301,7224320,0,20324352,0,441761792,3850240,0,13500416,0,353476608,,,,,,55349248,0,217833472,0,495923200,49827840,0,183369728,0,1781538816,7017472,0,18620416,0,442150912,160722944,981041152
2025-06-28 16:58:02,302,7224320,0,20516864,0,441761792,3850240,0,13500416,0,353476608,,,,,,55349248,0,217833472,0,495923200,49827840,0,183369728,0,1781538816,7021568,0,18620416,0,442150912,160722944,981041152
2025-06-28 16:58:03,303,7224320,0,20512768,0,441761792,3850240,0,13500416,0,353476608,,,,,,55349248,0,217833472,0,495927296,49827840,0,183369728,0,1781538816,7021568,0,18481152,0,442150912,163102720,981041152
2025-06-28 16:58:04,304,7224320,0,20512768,0,441761792,3850240,0,13500416,0,353476608,,,,,,55349248,0,217833472,0,495927296,49827840,0,183369728,0,1781538816,7021568,0,18313216,0,442150912,163102720,981041152
2025-06-28 16:58:05,305,7216128,0,20316160,0,441761792,3850240,0,13500416,0,353476608,,,,,,55349248,0,217833472,0,495927296,49827840,0,183369728,0,1781538816,7021568,0,18313216,0,442150912,163139584,981041152
2025-06-28 16:58:06,306,7232512,0,20316160,0,441761792,3850240,0,13500416,0,353476608,,,,,,55349248,0,217833472,0,495923200,49827840,0,183369728,0,1781538816,7021568,0,18313216,0,442150912,164327424,981041152
2025-06-28 16:58:07,307,7232512,0,20312064,0,441761792,3850240,0,13500416,0,353476608,,,,,,55349248,0,217833472,0,495923200,49827840,0,183369728,0,1781538816,7021568,0,18313216,0,442150912,164327424,981041152
2025-06-28 16:58:08,308,7232512,0,20312064,0,441761792,3850240,0,13500416,0,353476608,,,,,,55349248,0,217833472,0,495923200,49827840,0,183369728,0,1781538816,7021568,0,18481152,0,442150912,174706688,981041152
2025-06-28 16:58:09,309,7232512,0,20504576,0,441761792,3850240,0,13500416,0,353476608,,,,,,55349248,0,217833472,0,495927296,49827840,0,183369728,0,1781538816,7021568,0,18481152,0,442150912,162275328,981041152
2025-06-28 16:58:10,310,7240704,0,20508672,0,441761792,3850240,0,13500416,0,353476608,,,,,,55349248,0,217833472,0,495927296,49827840,0,183369728,0,1781538816,7021568,0,18477056,0,442150912,162275328,981041152
2025-06-28 16:58:11,311,7228416,0,20316160,0,441761792,3850240,0,13500416,0,353476608,,,,,,55353344,0,217833472,0,495923200,49827840,0,183369728,0,1781538816,7021568,0,18477056,0,442150912,162279424,981041152
2025-06-28 16:58:12,312,7228416,0,20512768,0,441761792,3850240,0,13500416,0,353476608,,,,,,55349248,0,217833472,0,495923200,49827840,0,183369728,0,1781538816,7025664,0,18477056,0,442150912,166486016,981041152
2025-06-28 16:58:13,313,7228416,0,20512768,0,441761792,3850240,0,13500416,0,353476608,,,,,,55349248,0,217833472,0,495927296,49827840,0,183369728,0,1781538816,7025664,0,18477056,0,442150912,166486016,981041152
2025-06-28 16:58:14,314,7228416,0,20512768,0,441761792,3850240,0,13500416,0,353476608,,,,,,55349248,0,217833472,0,495923200,49827840,0,183369728,0,1781538816,7025664,0,18608128,0,442150912,162000896,981041152
2025-06-28 16:58:15,315,7228416,0,20504576,0,441761792,3850240,0,13500416,0,353476608,,,,,,55349248,0,217833472,0,495923200,49827840,0,183369728,0,1781538816,7025664,0,18608128,0,442150912,162689024,981041152
2025-06-28 16:58:16,316,7232512,0,20508672,0,441761792,3850240,0,13500416,0,353476608,,,,,,55353344,0,217833472,0,495927296,49827840,0,183369728,0,1781538816,7025664,0,18608128,0,442150912,164327424,981041152
2025-06-28 16:58:17,317,7232512,0,20701184,0,441761792,3850240,0,13500416,0,353476608,,,,,,55349248,0,217833472,0,495923200,49827840,0,183369728,0,1781538816,7025664,0,18608128,0,442150912,164327424,981041152
2025-06-28 16:58:18,318,7232512,0,20705280,0,441761792,3850240,0,13500416,0,353476608,,,,,,55349248,0,217833472,0,495923200,49827840,0,183369728,0,1781538816,7025664,0,18608128,0,442150912,170278912,981041152
2025-06-28 16:58:19,319,7232512,0,20705280,0,441761792,3850240,0,13500416,0,353476608,,,,,,55349248,0,217833472,0,495927296,49827840,0,183369728,0,1781538816,7025664,0,18477056,0,442150912,166162432,981041152
2025-06-28 16:58:20,320,7236608,0,20705280,0,441761792,3850240,0,13500416,0,353476608,,,,,,55349248,0,217833472,0,495923200,49827840,0,183369728,0,1781538816,7025664,0,18477056,0,442150912,166162432,981041152
2025-06-28 16:58:21,321,7236608,0,20512768,0,441761792,3850240,0,13500416,0,353476608,,,,,,55349248,0,217833472,0,495927296,49827840,0,183369728,0,1781538816,7029760,0,18644992,0,442150912,163213312,981041152
2025-06-28 16:58:22,322,7236608,0,20512768,0,441761792,3850240,0,13500416,0,353476608,,,,,,55353344,0,217833472,0,495923200,49827840,0,183369728,0,1781538816,7029760,0,18345984,0,442150912,163213312,981041152
2025-06-28 16:58:23,323,7236608,0,20512768,0,441761792,3850240,0,13500416,0,353476608,,,,,,55353344,0,217833472,0,495923200,49827840,0,183369728,0,1781538816,7033856,0,18345984,0,442150912,163364864,981041152
2025-06-28 16:58:24,324,7236608,0,20840448,0,441761792,3850240,0,13500416,0,353476608,,,,,,55349248,0,217833472,0,495923200,49827840,0,183369728,0,1781538816,7037952,0,18345984,0,442150912,163336192,981041152
2025-06-28 16:58:25,325,7236608,0,20647936,0,441761792,3850240,0,13500416,0,353476608,,,,,,55349248,0,217833472,0,495923200,49827840,0,183369728,0,1781538816,7037952,0,18345984,0,442150912,163364864,981041152
2025-06-28 16:58:26,326,7236608,0,20451328,0,441761792,3850240,0,13500416,0,353476608,,,,,,55349248,0,217833472,0,495923200,49827840,0,183369728,0,1781538816,7037952,0,18345984,0,442150912,163364864,981041152
2025-06-28 16:58:27,327,7236608,0,20639744,0,441761792,3850240,0,13500416,0,353476608,,,,,,55349248,0,217833472,0,495923200,49827840,0,183369728,0,1781538816,7037952,0,18345984,0,442150912,163364864,981041152
2025-06-28 16:58:28,328,7236608,0,20963328,0,441761792,3850240,0,13500416,0,353476608,,,,,,55349248,0,217833472,0,495923200,49827840,0,183369728,0,1781538816,7037952,0,18345984,0,442150912,163364864,981041152
2025-06-28 16:58:29,329,7236608,0,20639744,0,441761792,3850240,0,13500416,0,353476608,,,,,,55349248,0,217833472,0,495927296,49827840,0,183369728,0,1781538816,7037952,0,18345984,0,442150912,163364864,981041152
2025-06-28 16:58:30,330,7257088,0,20639744,0,441761792,3850240,0,13500416,0,353476608,,,,,,55349248,0,217833472,0,495923200,49827840,0,183369728,0,1781538816,7037952,0,18345984,0,442150912,158138368,981041152
2025-06-28 16:58:31,331,7261184,0,20836352,0,441761792,3850240,0,13500416,0,353476608,,,,,,55349248,0,217833472,0,495923200,49827840,0,183369728,0,1781538816,7037952,0,18477056,0,442150912,164585472,981041152
2025-06-28 16:58:32,332,7261184,0,20508672,0,441761792,3850240,0,13500416,0,353476608,,,,,,55349248,0,217833472,0,495923200,49827840,0,183369728,0,1781538816,7037952,0,18477056,0,442150912,164630528,981041152
2025-06-28 16:58:33,333,7261184,0,20508672,0,441761792,3850240,0,13500416,0,353476608,,,,,,55353344,0,217833472,0,495923200,49827840,0,183369728,0,1781538816,7037952,0,18477056,0,442150912,175853568,981041152
2025-06-28 16:58:34,334,7261184,0,20508672,0,441761792,3850240,0,13500416,0,353476608,,,,,,55349248,0,217833472,0,495923200,49827840,0,183369728,0,1781538816,7037952,0,18477056,0,442150912,175853568,981041152
2025-06-28 16:58:35,335,7261184,0,20508672,0,441761792,3850240,0,13500416,0,353476608,,,,,,55349248,0,217833472,0,495927296,49827840,0,183369728,0,1781538816,7037952,0,18477056,0,442150912,172883968,981041152
2025-06-28 16:58:36,336,7261184,0,20504576,0,441761792,3850240,0,13500416,0,353476608,,,,,,55349248,0,217833472,0,495923200,49827840,0,183369728,0,1781538816,7037952,0,18477056,0,442150912,180695040,981041152
2025-06-28 16:58:37,337,7273472,0,20705280,0,441761792,3850240,0,13500416,0,353476608,,,,,,55349248,0,217833472,0,495923200,49827840,0,183369728,0,1781538816,7042048,0,18477056,0,442150912,167084032,981041152
2025-06-28 16:58:38,338,7273472,0,20512768,0,441761792,3850240,0,13500416,0,353476608,,,,,,55349248,0,217833472,0,495923200,49827840,0,183369728,0,1781538816,7042048,0,18477056,0,442150912,167084032,981041152
2025-06-28 16:58:39,339,7273472,0,20508672,0,441761792,3850240,0,13500416,0,353476608,,,,,,55349248,0,217833472,0,495923200,49827840,0,183369728,0,1781538816,7042048,0,18477056,0,442150912,168562688,981041152
2025-06-28 16:58:40,340,7281664,0,20705280,0,441761792,3850240,0,13500416,0,353476608,,,,,,55349248,0,217833472,0,495923200,49827840,0,183369728,0,1781538816,7042048,0,18477056,0,442150912,168562688,981041152
2025-06-28 16:58:41,341,7281664,0,20705280,0,441761792,3850240,0,13500416,0,353476608,,,,,,55349248,0,217833472,0,495923200,49827840,0,183369728,0,1781538816,7046144,0,18477056,0,442150912,164241408,981041152
2025-06-28 16:58:42,342,7269376,0,20705280,0,441761792,3850240,0,13500416,0,353476608,,,,,,55349248,0,217833472,0,495923200,49827840,0,183369728,0,1781538816,7046144,0,18341888,0,442150912,166178816,981041152
2025-06-28 16:58:43,343,7269376,0,20512768,0,441761792,3850240,0,13500416,0,353476608,,,,,,55349248,0,217833472,0,495923200,49827840,0,183369728,0,1781538816,7050240,0,18341888,0,442150912,164749312,981041152
2025-06-28 16:58:44,344,7269376,0,20508672,0,441761792,3850240,0,13500416,0,353476608,,,,,,55349248,0,217833472,0,495923200,49827840,0,183369728,0,1781538816,7054336,0,18341888,0,442150912,164749312,981041152
2025-06-28 16:58:45,345,7269376,0,20836352,0,441761792,3850240,0,13500416,0,353476608,,,,,,55349248,0,217833472,0,495927296,49827840,0,183369728,0,1781538816,7054336,0,18341888,0,442150912,161251328,981041152
2025-06-28 16:58:46,346,7269376,0,20512768,0,441761792,3850240,0,13500416,0,353476608,,,,,,55349248,0,217833472,0,495923200,49827840,0,183369728,0,1781538816,7054336,0,18341888,0,442150912,163487744,981041152
2025-06-28 16:58:47,347,7269376,0,20508672,0,441761792,3850240,0,13500416,0,353476608,,,,,,55349248,0,217833472,0,495927296,49827840,0,183369728,0,1781538816,7054336,0,18472960,0,442150912,163487744,981041152
2025-06-28 16:58:48,348,7269376,0,20189184,0,441761792,3850240,0,13500416,0,353476608,,,,,,55349248,0,217833472,0,495923200,49827840,0,183369728,0,1781538816,7054336,0,18472960,0,442150912,175357952,981041152
2025-06-28 16:58:49,349,7269376,0,20189184,0,441761792,3850240,0,13500416,0,353476608,,,,,,55349248,0,217833472,0,495923200,49827840,0,183369728,0,1781538816,7054336,0,18472960,0,442150912,175357952,981041152
2025-06-28 16:58:50,350,7269376,0,20385792,0,441761792,3850240,0,13500416,0,353476608,,,,,,55349248,0,217833472,0,495923200,49827840,0,183369728,0,1781538816,7054336,0,18472960,0,442150912,175382528,981041152
2025-06-28 16:58:51,351,7269376,0,20193280,0,441761792,3850240,0,13500416,0,353476608,,,,,,55349248,0,217833472,0,495923200,49827840,0,183369728,0,1781538816,7054336,0,18472960,0,442150912,175382528,981041152
2025-06-28 16:58:52,352,7269376,0,20189184,0,441761792,3850240,0,13500416,0,353476608,,,,,,55353344,0,217833472,0,495927296,49827840,0,183369728,0,1781538816,7058432,0,18472960,0,442150912,175710208,981041152
2025-06-28 16:58:53,353,7269376,0,20385792,0,441761792,3850240,0,13500416,0,353476608,,,,,,55349248,0,217833472,0,495923200,49827840,0,183369728,0,1781538816,7058432,0,18472960,0,442150912,148180992,981041152
2025-06-28 16:58:54,354,7273472,0,20582400,0,441761792,3850240,0,13500416,0,353476608,,,,,,55353344,0,217833472,0,495923200,49827840,0,183369728,0,1781538816,7058432,0,18472960,0,442150912,148180992,981041152
2025-06-28 16:58:55,355,7277568,0,20582400,0,441761792,3850240,0,13500416,0,353476608,,,,,,55349248,0,217833472,0,495923200,49827840,0,183369728,0,1781538816,7058432,0,18472960,0,442150912,184918016,981041152
2025-06-28 16:58:56,356,7302144,0,20570112,0,441761792,3850240,0,13500416,0,353476608,,,,,,55349248,0,217833472,0,495923200,49827840,0,183369728,0,1781538816,7111680,0,18604032,0,442150912,184918016,981041152
2025-06-28 16:58:57,357,7302144,0,20570112,0,441761792,3850240,0,13500416,0,353476608,,,,,,55349248,0,217833472,0,495927296,49827840,0,183369728,0,1781538816,7111680,0,18604032,0,442150912,168845312,981041152
2025-06-28 16:58:58,358,7302144,0,20381696,0,441761792,3850240,0,13500416,0,353476608,,,,,,55349248,0,217833472,0,495923200,49827840,0,183369728,0,1781538816,7164928,0,18604032,0,442150912,178745344,981041152
2025-06-28 16:58:59,359,7302144,0,20385792,0,441761792,3850240,0,13500416,0,353476608,,,,,,55353344,0,217833472,0,495927296,49827840,0,183369728,0,1781538816,7218176,0,18604032,0,442150912,175865856,981041152
2025-06-28 16:59:00,360,7302144,0,20381696,0,441761792,3850240,0,13500416,0,353476608,,,,,,55349248,0,217833472,0,495923200,49827840,0,183369728,0,1781538816,7218176,0,18735104,0,442150912,175865856,981041152
2025-06-28 16:59:01,361,7277568,0,20377600,0,441761792,3850240,0,13500416,0,353476608,,,,,,55353344,0,217833472,0,495923200,49827840,0,183369728,0,1781538816,7267328,0,18735104,0,442150912,165359616,981041152
2025-06-28 16:59:02,362,7277568,0,20180992,0,441761792,3850240,0,13500416,0,353476608,,,,,,55349248,0,217833472,0,495927296,49827840,0,183369728,0,1781538816,7267328,0,18735104,0,442150912,166420480,981041152
2025-06-28 16:59:03,363,7277568,0,20377600,0,441761792,3850240,0,13500416,0,353476608,,,,,,55353344,0,217833472,0,496189440,49827840,0,183369728,0,1781538816,7316480,0,18735104,0,442150912,174268416,981041152
2025-06-28 16:59:04,364,7277568,0,20377600,0,441761792,3850240,0,13500416,0,353476608,,,,,,55353344,0,217833472,0,495923200,49827840,0,183369728,0,1781538816,7365632,0,18735104,0,442150912,174268416,981041152
2025-06-28 16:59:05,365,7277568,0,20377600,0,441761792,3850240,0,13500416,0,353476608,,,,,,55349248,0,217833472,0,495923200,49827840,0,183369728,0,1781538816,7365632,0,18735104,0,442150912,176373760,981041152
2025-06-28 16:59:06,366,7277568,0,20180992,0,441761792,3850240,0,13500416,0,353476608,,,,,,55349248,0,217833472,0,495923200,49827840,0,183369728,0,1781538816,7365632,0,18735104,0,442150912,169787392,981041152
2025-06-28 16:59:07,367,7277568,0,20369408,0,441761792,3850240,0,13500416,0,353476608,,,,,,55353344,0,217833472,0,495923200,49827840,0,183369728,0,1781538816,7365632,0,18735104,0,442150912,169787392,981041152
2025-06-28 16:59:08,368,7277568,0,20369408,0,441761792,3850240,0,13500416,0,353476608,,,,,,55349248,0,217833472,0,495923200,49827840,0,183369728,0,1781538816,7365632,0,18735104,0,442150912,169787392,981041152
2025-06-28 16:59:09,369,7277568,0,20172800,0,441761792,3850240,0,13500416,0,353476608,,,,,,55349248,0,217833472,0,495927296,49827840,0,183369728,0,1781538816,7365632,0,18735104,0,442150912,170336256,981041152
2025-06-28 16:59:10,370,7277568,0,20500480,0,441761792,3850240,0,13500416,0,353476608,,,,,,55349248,0,217833472,0,495927296,49827840,0,183369728,0,1781538816,7365632,0,18735104,0,442150912,170336256,981041152
2025-06-28 16:59:11,371,7277568,0,20508672,0,441761792,3850240,0,13500416,0,353476608,,,,,,55349248,0,217833472,0,495923200,49827840,0,183369728,0,1781538816,7365632,0,18735104,0,442150912,170340352,981041152
2025-06-28 16:59:12,372,7277568,0,20697088,0,441761792,3850240,0,13500416,0,353476608,,,,,,55349248,0,217833472,0,495923200,49827840,0,183369728,0,1781538816,7369728,0,18735104,0,442150912,170340352,981041152
2025-06-28 16:59:13,373,7277568,0,20897792,0,441761792,3850240,0,13500416,0,353476608,,,,,,55349248,0,217833472,0,495923200,49827840,0,183369728,0,1781538816,7369728,0,18735104,0,442150912,171003904,981041152
2025-06-28 16:59:14,374,7277568,0,21028864,0,441761792,3850240,0,13500416,0,353476608,,,,,,55349248,0,217833472,0,495923200,49827840,0,183369728,0,1781538816,7369728,0,18735104,0,442150912,171003904,981041152
2025-06-28 16:59:15,375,7277568,0,21028864,0,441761792,3850240,0,13500416,0,353476608,,,,,,55349248,0,217833472,0,495923200,49827840,0,183369728,0,1781538816,7369728,0,18735104,0,442150912,171003904,981041152
2025-06-28 16:59:16,376,7277568,0,21028864,0,441761792,3850240,0,13500416,0,353476608,,,,,,55349248,0,217833472,0,495927296,49827840,0,183369728,0,1781538816,7369728,0,18735104,0,442150912,171667456,981041152
2025-06-28 16:59:17,377,7277568,0,20832256,0,441761792,3850240,0,13500416,0,353476608,,,,,,55349248,0,217833472,0,495923200,49827840,0,183369728,0,1781538816,7369728,0,18735104,0,442150912,171667456,981041152
2025-06-28 16:59:18,378,7277568,0,20832256,0,441761792,3850240,0,13500416,0,353476608,,,,,,55349248,0,217833472,0,495927296,49827840,0,183369728,0,1781538816,7369728,0,18735104,0,442150912,171667456,981041152
2025-06-28 16:59:19,379,7277568,0,20504576,0,441761792,3850240,0,13500416,0,353476608,,,,,,55349248,0,217964544,0,495927296,49827840,0,183369728,0,1781538816,7369728,0,18735104,0,442150912,172306432,981041152
2025-06-28 16:59:20,380,7277568,0,20504576,0,441761792,3850240,0,13500416,0,353476608,,,,,,55353344,0,217964544,0,495923200,49827840,0,183369728,0,1781538816,7369728,0,18735104,0,442150912,172306432,981172224
2025-06-28 16:59:21,381,7277568,0,20373504,0,441761792,3850240,0,13500416,0,353476608,,,,,,55349248,0,217964544,0,495923200,49827840,0,183369728,0,1781538816,7369728,0,18735104,0,442150912,172306432,981172224
2025-06-28 16:59:22,382,7277568,0,20574208,0,441761792,3850240,0,13500416,0,353476608,,,,,,55349248,0,217964544,0,495923200,49827840,0,183369728,0,1781538816,7369728,0,18866176,0,442150912,172306432,981172224
2025-06-28 16:59:23,383,7277568,0,20377600,0,441761792,3850240,0,13500416,0,353476608,,,,,,55349248,0,217964544,0,495923200,49827840,0,183369728,0,1781538816,7369728,0,18866176,0,442150912,172306432,981172224
2025-06-28 16:59:24,384,7277568,0,20574208,0,441761792,3850240,0,13500416,0,353476608,,,,,,55349248,0,217964544,0,495923200,49827840,0,183369728,0,1781538816,7369728,0,18866176,0,442150912,172306432,981172224
2025-06-28 16:59:25,385,7277568,0,20574208,0,441761792,3850240,0,13500416,0,353476608,,,,,,55349248,0,217964544,0,495923200,49827840,0,183369728,0,1781538816,7369728,0,18866176,0,442150912,172306432,981172224
2025-06-28 16:59:26,386,7277568,0,20381696,0,441761792,3850240,0,13500416,0,353476608,,,,,,55349248,0,217964544,0,495927296,49827840,0,183369728,0,1781538816,7369728,0,18866176,0,442150912,172306432,981172224
2025-06-28 16:59:27,387,7277568,0,20189184,0,441761792,3850240,0,13500416,0,353476608,,,,,,55349248,0,217964544,0,495923200,49827840,0,183369728,0,1781538816,7369728,0,18866176,0,442150912,172306432,981172224
2025-06-28 16:59:28,388,7277568,0,20385792,0,441761792,3850240,0,13500416,0,353476608,,,,,,55353344,0,217964544,0,495923200,49827840,0,183369728,0,1781538816,7369728,0,18866176,0,442150912,172363776,981172224
2025-06-28 16:59:29,389,7277568,0,20381696,0,441761792,3850240,0,13500416,0,353476608,,,,,,55349248,0,217964544,0,495923200,49827840,0,183369728,0,1781538816,7369728,0,18866176,0,442150912,172363776,981172224
2025-06-28 16:59:30,390,7277568,0,20574208,0,441761792,3850240,0,13500416,0,353476608,,,,,,55349248,0,217964544,0,495923200,49827840,0,183369728,0,1781538816,7369728,0,18866176,0,442150912,172679168,981172224
2025-06-28 16:59:31,391,7277568,0,20901888,0,441761792,3850240,0,13500416,0,353476608,,,,,,55349248,0,217964544,0,495927296,49827840,0,183369728,0,1781538816,7369728,0,18698240,0,442150912,172412928,981172224
2025-06-28 16:59:32,392,7277568,0,20901888,0,441761792,3850240,0,13500416,0,353476608,,,,,,55353344,0,217964544,0,495923200,49827840,0,183369728,0,1781538816,7369728,0,18698240,0,442150912,172412928,981172224
2025-06-28 16:59:33,393,7277568,0,20709376,0,441761792,3850240,0,13500416,0,353476608,,,,,,55349248,0,217964544,0,495923200,49827840,0,183369728,0,1781538816,7369728,0,18698240,0,442150912,172412928,981172224
2025-06-28 16:59:34,394,7277568,0,20709376,0,441761792,3850240,0,13500416,0,353476608,,,,,,55349248,0,217964544,0,495923200,49827840,0,183369728,0,1781538816,7369728,0,18698240,0,442150912,172421120,981172224
2025-06-28 16:59:35,395,7277568,0,20709376,0,441761792,3850240,0,13500416,0,353476608,,,,,,55349248,0,217964544,0,495923200,49827840,0,183369728,0,1781538816,7369728,0,18866176,0,442150912,172425216,981172224
2025-06-28 16:59:36,396,7277568,0,20705280,0,441761792,3850240,0,13500416,0,353476608,,,,,,55349248,0,217964544,0,495927296,49827840,0,183369728,0,1781538816,7369728,0,18866176,0,442150912,172425216,981172224
2025-06-28 16:59:37,397,7277568,0,20701184,0,441761792,3850240,0,13500416,0,353476608,,,,,,55349248,0,217964544,0,495923200,49827840,0,183369728,0,1781538816,7369728,0,18866176,0,442150912,172425216,981172224
2025-06-28 16:59:38,398,7277568,0,20570112,0,441761792,3850240,0,13500416,0,353476608,,,,,,55353344,0,217964544,0,495923200,49827840,0,183369728,0,1781538816,7369728,0,18866176,0,442150912,172433408,981172224
2025-06-28 16:59:39,399,7277568,0,20570112,0,441761792,3850240,0,13500416,0,353476608,,,,,,55353344,0,217964544,0,495923200,49827840,0,183369728,0,1781538816,7369728,0,18698240,0,442150912,172433408,981172224
2025-06-28 16:59:40,400,7281664,0,20570112,0,441761792,3850240,0,13500416,0,353476608,,,,,,55349248,0,217964544,0,495923200,49827840,0,183369728,0,1781538816,7369728,0,18698240,0,442150912,172433408,981237760
2025-06-28 16:59:41,401,7285760,0,20570112,0,441761792,3850240,0,13500416,0,353476608,,,,,,55349248,0,217964544,0,495923200,49827840,0,183369728,0,1781538816,7369728,0,18698240,0,442150912,172433408,981237760
2025-06-28 16:59:42,402,7298048,0,20574208,0,441761792,3850240,0,13500416,0,353476608,,,,,,55349248,0,217964544,0,495927296,49827840,0,183369728,0,1781538816,7369728,0,18698240,0,442150912,172433408,981237760
2025-06-28 16:59:43,403,7298048,0,20377600,0,441761792,3850240,0,13500416,0,353476608,,,,,,55349248,0,217964544,0,495923200,49827840,0,183369728,0,1781538816,7369728,0,18698240,0,442150912,172433408,981237760
2025-06-28 16:59:44,404,7298048,0,20574208,0,441761792,3850240,0,13500416,0,353476608,,,,,,55349248,0,217964544,0,495923200,49827840,0,183369728,0,1781538816,7369728,0,18698240,0,442150912,172433408,981237760
2025-06-28 16:59:45,405,7351296,0,20770816,0,441761792,3850240,0,13500416,0,353476608,,,,,,55349248,0,217964544,0,495923200,49827840,0,183369728,0,1781538816,7369728,0,18698240,0,442150912,172433408,981237760
2025-06-28 16:59:46,406,7347200,0,20574208,0,441761792,3850240,0,13500416,0,353476608,,,,,,55353344,0,217964544,0,496189440,49827840,0,183369728,0,1781538816,7369728,0,18698240,0,442150912,172433408,981237760
2025-06-28 16:59:47,407,7334912,0,20377600,0,441761792,3850240,0,13500416,0,353476608,,,,,,55349248,0,217964544,0,495923200,49827840,0,183369728,0,1781538816,7369728,0,18698240,0,442150912,172433408,981237760
2025-06-28 16:59:48,408,7334912,0,20377600,0,441761792,3850240,0,13500416,0,353476608,,,,,,55349248,0,217964544,0,495927296,49827840,0,183369728,0,1781538816,7369728,0,18698240,0,442150912,172433408,981237760
2025-06-28 16:59:49,409,7334912,0,20574208,0,441761792,3850240,0,13500416,0,353476608,,,,,,55349248,0,217964544,0,495923200,49827840,0,183369728,0,1781538816,7369728,0,18866176,0,442150912,172433408,981237760
2025-06-28 16:59:50,410,7334912,0,20574208,0,441761792,3850240,0,13500416,0,353476608,,,,,,55353344,0,217964544,0,495923200,49827840,0,183369728,0,1781538816,7369728,0,18866176,0,442150912,172433408,981237760
2025-06-28 16:59:51,411,7334912,0,20574208,0,441761792,3850240,0,13500416,0,353476608,,,,,,55353344,0,217964544,0,495923200,49827840,0,183369728,0,1781538816,7369728,0,18866176,0,442150912,172433408,981237760
2025-06-28 16:59:52,412,7347200,0,20766720,0,441761792,3850240,0,13500416,0,353476608,,,,,,55349248,0,217964544,0,495923200,49827840,0,183369728,0,1781538816,7369728,0,18866176,0,442150912,172433408,981237760
2025-06-28 16:59:53,413,7347200,0,20701184,0,441761792,3850240,0,13500416,0,353476608,,,,,,55349248,0,217964544,0,495923200,49827840,0,183369728,0,1781538816,7369728,0,18866176,0,442150912,172433408,981237760
2025-06-28 16:59:54,414,7355392,0,20500480,0,441761792,3850240,0,13500416,0,353476608,,,,,,55349248,0,217964544,0,495923200,49827840,0,183369728,0,1781538816,7369728,0,18866176,0,442150912,172433408,981237760
2025-06-28 16:59:55,415,7355392,0,20508672,0,441761792,3850240,0,13500416,0,353476608,,,,,,55349248,0,217964544,0,495927296,49827840,0,183369728,0,1781538816,7369728,0,18866176,0,442150912,172433408,981237760
2025-06-28 16:59:56,416,7379968,0,20701184,0,441761792,3850240,0,13500416,0,353476608,,,,,,55349248,0,217964544,0,495923200,49827840,0,183369728,0,1781538816,7369728,0,18866176,0,442150912,172433408,981237760
2025-06-28 16:59:57,417,7367680,0,20369408,0,441761792,3850240,0,13500416,0,353476608,,,,,,55349248,0,217964544,0,495923200,49827840,0,183369728,0,1781538816,7369728,0,18866176,0,442150912,172433408,981237760
2025-06-28 16:59:58,418,7367680,0,20369408,0,441761792,3850240,0,13500416,0,353476608,,,,,,55353344,0,217964544,0,495923200,49827840,0,183369728,0,1781538816,7369728,0,18866176,0,442150912,172433408,981237760
2025-06-28 16:59:59,419,7367680,0,20373504,0,441761792,3850240,0,13500416,0,353476608,,,,,,55349248,0,217964544,0,495923200,49827840,0,183369728,0,1781538816,7369728,0,18866176,0,442150912,172433408,981237760
2025-06-28 17:00:00,420,7367680,0,20176896,0,441761792,3850240,0,13500416,0,353476608,,,,,,55349248,0,217964544,0,495923200,49827840,0,183369728,0,1781538816,7369728,0,18866176,0,442150912,172433408,981237760
2025-06-28 17:00:01,421,7343104,0,20373504,0,441761792,3850240,0,13500416,0,353476608,,,,,,55349248,0,217964544,0,495927296,49827840,0,183369728,0,1781538816,7369728,0,18866176,0,442150912,173096960,981237760
2025-06-28 17:00:02,422,7343104,0,20381696,0,441761792,3850240,0,13500416,0,353476608,,,,,,55349248,0,217964544,0,495923200,49827840,0,183369728,0,1781538816,7373824,0,18866176,0,442150912,173096960,981237760
2025-06-28 17:00:03,423,7343104,0,20189184,0,441761792,3850240,0,13500416,0,353476608,,,,,,55349248,0,217964544,0,495923200,49827840,0,183369728,0,1781538816,7373824,0,18866176,0,442150912,173096960,981237760
2025-06-28 17:00:04,424,7343104,0,20320256,0,441761792,3850240,0,13500416,0,353476608,,,,,,55349248,0,217964544,0,495923200,49827840,0,183369728,0,1781538816,7373824,0,18866176,0,442150912,173096960,981237760
2025-06-28 17:00:05,425,7343104,0,20504576,0,441761792,3850240,0,13500416,0,353476608,,,,,,55349248,0,217964544,0,495923200,49827840,0,183369728,0,1781538816,7373824,0,18866176,0,442150912,173096960,981237760
2025-06-28 17:00:06,426,7343104,0,20377600,0,441761792,3850240,0,13500416,0,353476608,,,,,,55353344,0,217964544,0,496189440,49827840,0,183369728,0,1781538816,7373824,0,18866176,0,442150912,173096960,981237760
2025-06-28 17:00:07,427,7343104,0,20189184,0,441761792,3850240,0,13500416,0,353476608,,,,,,55349248,0,217964544,0,495923200,49827840,0,183369728,0,1781538816,7373824,0,18698240,0,442150912,173096960,981237760
2025-06-28 17:00:08,428,7343104,0,20185088,0,441761792,3850240,0,13500416,0,353476608,,,,,,55349248,0,217964544,0,495927296,49827840,0,183369728,0,1781538816,7373824,0,18866176,0,442150912,173096960,981237760
2025-06-28 17:00:09,429,7343104,0,20512768,0,441761792,3850240,0,13500416,0,353476608,,,,,,55349248,0,217964544,0,495923200,49827840,0,183369728,0,1781538816,7373824,0,18866176,0,442150912,173096960,981237760
2025-06-28 17:00:10,430,7343104,0,20692992,0,441761792,3850240,0,13500416,0,353476608,,,,,,55349248,0,217964544,0,495923200,49827840,0,183369728,0,1781538816,7373824,0,18866176,0,442150912,173096960,981237760
2025-06-28 17:00:11,431,7343104,0,20836352,0,441761792,3850240,0,13500416,0,353476608,,,,,,55349248,0,217964544,0,495923200,49827840,0,183369728,0,1781538816,7373824,0,18866176,0,442150912,173096960,981237760
2025-06-28 17:00:12,432,7343104,0,21028864,0,441761792,3850240,0,13500416,0,353476608,,,,,,55349248,0,217964544,0,495923200,49827840,0,183369728,0,1781538816,7373824,0,18866176,0,442150912,173096960,981372928
2025-06-28 17:00:13,433,7343104,0,21028864,0,441761792,3850240,0,13500416,0,353476608,,,,,,55349248,0,217964544,0,495923200,49827840,0,183369728,0,1781538816,7373824,0,18866176,0,442150912,173096960,981372928
2025-06-28 17:00:14,434,7343104,0,20836352,0,441761792,3850240,0,13500416,0,353476608,,,,,,55349248,0,217964544,0,495923200,49827840,0,183369728,0,1781538816,7373824,0,18866176,0,442150912,173096960,981372928
2025-06-28 17:00:15,435,7343104,0,20836352,0,441761792,3850240,0,13500416,0,353476608,,,,,,55349248,0,217964544,0,495923200,49827840,0,183369728,0,1781538816,7373824,0,18866176,0,442150912,173096960,981372928
2025-06-28 17:00:16,436,7343104,0,20639744,0,441761792,3850240,0,13500416,0,353476608,,,,,,55349248,0,217964544,0,495927296,49827840,0,183369728,0,1781538816,7373824,0,18698240,0,442150912,173096960,981372928
2025-06-28 17:00:17,437,7343104,0,20639744,0,441761792,3850240,0,13500416,0,353476608,,,,,,55349248,0,217964544,0,495923200,49827840,0,183369728,0,1781538816,7373824,0,18698240,0,442150912,173096960,981372928
2025-06-28 17:00:18,438,7343104,0,20836352,0,441761792,3850240,0,13500416,0,353476608,,,,,,55349248,0,217964544,0,495927296,49827840,0,183369728,0,1781538816,7373824,0,18866176,0,442150912,173096960,981372928
2025-06-28 17:00:19,439,7343104,0,21028864,0,441761792,3850240,0,13500416,0,353476608,,,,,,55349248,0,217964544,0,495923200,49827840,0,183369728,0,1781538816,7373824,0,18698240,0,442150912,173096960,981372928
2025-06-28 17:00:20,440,7343104,0,20832256,0,441761792,3850240,0,13500416,0,353476608,,,,,,55349248,0,217964544,0,495923200,49827840,0,183369728,0,1781538816,7373824,0,18997248,0,442150912,173096960,981307392
2025-06-28 17:00:21,441,7343104,0,20832256,0,441761792,3850240,0,13500416,0,353476608,,,,,,55349248,0,217964544,0,495923200,49827840,0,183369728,0,1781538816,7373824,0,18997248,0,442150912,173096960,981307392
2025-06-28 17:00:22,442,7343104,0,20832256,0,441761792,3850240,0,13500416,0,353476608,,,,,,55353344,0,217964544,0,495923200,49827840,0,183369728,0,1781538816,7373824,0,18997248,0,442150912,173096960,981307392
2025-06-28 17:00:23,443,7343104,0,20635648,0,441761792,3850240,0,13500416,0,353476608,,,,,,55349248,0,217964544,0,495923200,49827840,0,183369728,0,1781538816,7373824,0,18997248,0,442150912,173096960,981307392
2025-06-28 17:00:24,444,7343104,0,20824064,0,441761792,3850240,0,13500416,0,353476608,,,,,,55349248,0,217964544,0,495923200,49827840,0,183369728,0,1781538816,7373824,0,18997248,0,442150912,173096960,981307392
2025-06-28 17:00:25,445,7347200,0,20627456,0,441761792,3850240,0,13500416,0,353476608,,,,,,55349248,0,217964544,0,495927296,49827840,0,183369728,0,1781538816,7373824,0,18997248,0,442150912,173096960,981307392
2025-06-28 17:00:26,446,7347200,0,20434944,0,441761792,3850240,0,13500416,0,353476608,,,,,,55349248,0,217964544,0,495927296,49827840,0,183369728,0,1781538816,7373824,0,18997248,0,442150912,173096960,981307392
2025-06-28 17:00:27,447,7347200,0,20303872,0,441761792,3850240,0,13500416,0,353476608,,,,,,55353344,0,217964544,0,495927296,49827840,0,183369728,0,1781538816,7373824,0,18997248,0,442150912,173096960,981307392
2025-06-28 17:00:28,448,7347200,0,20307968,0,441761792,3850240,0,13500416,0,353476608,,,,,,55349248,0,217964544,0,495927296,49827840,0,183369728,0,1781538816,7373824,0,18997248,0,442150912,173096960,981307392
2025-06-28 17:00:29,449,7347200,0,20107264,0,441761792,3850240,0,13500416,0,353476608,,,,,,55349248,0,217964544,0,495923200,49827840,0,183369728,0,1781538816,7373824,0,18997248,0,442150912,173096960,981307392
2025-06-28 17:00:30,450,7347200,0,20111360,0,441761792,3850240,0,13500416,0,353476608,,,,,,55349248,0,217964544,0,495923200,49827840,0,183369728,0,1781538816,7373824,0,18997248,0,442150912,173096960,981307392
2025-06-28 17:00:31,451,7351296,0,20312064,0,441761792,3850240,0,13500416,0,353476608,,,,,,55353344,0,217964544,0,495923200,49827840,0,183369728,0,1781538816,7373824,0,18997248,0,442150912,173096960,981307392
2025-06-28 17:00:32,452,7351296,0,20504576,0,441761792,3850240,0,13500416,0,353476608,,,,,,55349248,0,217964544,0,495923200,49827840,0,183369728,0,1781538816,7373824,0,18997248,0,442150912,173096960,981307392
2025-06-28 17:00:33,453,7351296,0,20500480,0,441761792,3850240,0,13500416,0,353476608,,,,,,55349248,0,217964544,0,495923200,49827840,0,183369728,0,1781538816,7373824,0,18997248,0,442150912,173096960,981307392
2025-06-28 17:00:34,454,7351296,0,20299776,0,441761792,3850240,0,13500416,0,353476608,,,,,,55349248,0,217964544,0,495923200,49827840,0,183369728,0,1781538816,7373824,0,18997248,0,442150912,173096960,981307392
2025-06-28 17:00:35,455,7351296,0,20631552,0,441761792,3850240,0,13500416,0,353476608,,,,,,55349248,0,217964544,0,495927296,49827840,0,183369728,0,1781538816,7373824,0,18997248,0,442150912,173096960,981307392
2025-06-28 17:00:36,456,7347200,0,20631552,0,441761792,3850240,0,13500416,0,353476608,,,,,,55349248,0,217964544,0,495923200,49827840,0,183369728,0,1781538816,7373824,0,18997248,0,442150912,173096960,981307392
2025-06-28 17:00:37,457,7347200,0,20828160,0,441761792,3850240,0,13500416,0,353476608,,,,,,55349248,0,217964544,0,495923200,49827840,0,183369728,0,1781538816,7373824,0,18997248,0,442150912,173096960,981307392
2025-06-28 17:00:38,458,7347200,0,20828160,0,441761792,3850240,0,13500416,0,353476608,,,,,,55349248,0,217964544,0,495923200,49827840,0,183369728,0,1781538816,7373824,0,18997248,0,442150912,173096960,981307392
2025-06-28 17:00:39,459,7347200,0,20631552,0,441761792,3850240,0,13500416,0,353476608,,,,,,55349248,0,217964544,0,495927296,49827840,0,183369728,0,1781538816,7373824,0,18997248,0,442150912,173096960,981307392
2025-06-28 17:00:40,460,7347200,0,20631552,0,441761792,3850240,0,13500416,0,353476608,,,,,,55353344,0,217964544,0,495923200,49827840,0,183369728,0,1781538816,7373824,0,18997248,0,442150912,173096960,981307392
2025-06-28 17:00:41,461,7355392,0,20631552,0,441761792,3850240,0,13500416,0,353476608,,,,,,55349248,0,217964544,0,495923200,49827840,0,183369728,0,1781538816,7373824,0,18997248,0,442150912,173096960,981307392
2025-06-28 17:00:42,462,7355392,0,20627456,0,441761792,3850240,0,13500416,0,353476608,,,,,,55349248,0,217964544,0,495927296,49827840,0,183369728,0,1781538816,7373824,0,18997248,0,442150912,173096960,981307392
2025-06-28 17:00:43,463,7355392,0,20627456,0,441761792,3850240,0,13500416,0,353476608,,,,,,55349248,0,217964544,0,495927296,49827840,0,183369728,0,1781538816,7373824,0,18997248,0,442150912,173096960,981307392
2025-06-28 17:00:44,464,7355392,0,20824064,0,441761792,3850240,0,13500416,0,353476608,,,,,,55349248,0,217964544,0,495923200,49827840,0,183369728,0,1781538816,7373824,0,18997248,0,442150912,173096960,981307392
2025-06-28 17:00:45,465,7355392,0,20631552,0,441761792,3850240,0,13500416,0,353476608,,,,,,55349248,0,217964544,0,495927296,49827840,0,183369728,0,1781538816,7373824,0,18829312,0,442150912,173096960,981307392
2025-06-28 17:00:46,466,7355392,0,20836352,0,441761792,3850240,0,13500416,0,353476608,,,,,,55353344,0,217964544,0,495927296,49827840,0,183369728,0,1781538816,7373824,0,18829312,0,442150912,173096960,981307392
2025-06-28 17:00:47,467,7355392,0,20832256,0,441761792,3850240,0,13500416,0,353476608,,,,,,55349248,0,217964544,0,495927296,49827840,0,183369728,0,1781538816,7373824,0,18829312,0,442150912,173096960,981307392
2025-06-28 17:00:48,468,7355392,0,20832256,0,441761792,3850240,0,13500416,0,353476608,,,,,,55349248,0,217964544,0,495923200,49827840,0,183369728,0,1781538816,7373824,0,18829312,0,442150912,173096960,981307392
2025-06-28 17:00:49,469,7359488,0,21028864,0,441761792,3850240,0,13500416,0,353476608,,,,,,55349248,0,217964544,0,495923200,49827840,0,183369728,0,1781538816,7373824,0,18829312,0,442150912,173096960,981307392
2025-06-28 17:00:50,470,7359488,0,20836352,0,441761792,3850240,0,13500416,0,353476608,,,,,,55349248,0,217964544,0,495923200,49827840,0,183369728,0,1781538816,7373824,0,18829312,0,442150912,173096960,981307392
2025-06-28 17:00:51,471,7359488,0,20836352,0,441761792,3850240,0,13500416,0,353476608,,,,,,55349248,0,217964544,0,495923200,49827840,0,183369728,0,1781538816,7373824,0,18829312,0,442150912,173096960,981307392
2025-06-28 17:00:52,472,7359488,0,20832256,0,441761792,3850240,0,13500416,0,353476608,,,,,,55349248,0,217964544,0,495923200,49827840,0,183369728,0,1781538816,7427072,0,18829312,0,442150912,173096960,981307392
2025-06-28 17:00:53,473,7359488,0,21155840,0,441761792,3850240,0,13500416,0,353476608,,,,,,55349248,0,217964544,0,495923200,49827840,0,183369728,0,1781538816,7427072,0,18829312,0,442150912,173096960,981307392
2025-06-28 17:00:54,474,7359488,0,21352448,0,441761792,3850240,0,13500416,0,353476608,,,,,,55349248,0,217964544,0,495927296,49827840,0,183369728,0,1781538816,7427072,0,18997248,0,442150912,173096960,981372928
2025-06-28 17:00:55,475,7359488,0,21352448,0,441761792,3850240,0,13500416,0,353476608,,,,,,55349248,0,217964544,0,495923200,49827840,0,183369728,0,1781538816,7427072,0,18997248,0,442150912,173096960,981372928
2025-06-28 17:00:56,476,7363584,0,21155840,0,441761792,3850240,0,13500416,0,353476608,,,,,,55349248,0,217964544,0,495923200,49827840,0,183369728,0,1781538816,7427072,0,18997248,0,442150912,173096960,981372928
2025-06-28 17:00:57,477,7363584,0,21151744,0,441761792,3850240,0,13500416,0,353476608,,,,,,55349248,0,217964544,0,495927296,49827840,0,183369728,0,1781538816,7472128,0,18997248,0,442150912,173096960,981372928
2025-06-28 17:00:58,478,7371776,0,21352448,0,441761792,3850240,0,13500416,0,353476608,,,,,,55349248,0,217964544,0,495923200,49827840,0,183369728,0,1781538816,7472128,0,18997248,0,442150912,173096960,981372928
2025-06-28 17:00:59,479,7371776,0,21024768,0,441761792,3850240,0,13500416,0,353476608,,,,,,55349248,0,217964544,0,495927296,49827840,0,183369728,0,1781538816,7472128,0,18997248,0,442150912,173096960,981372928
2025-06-28 17:01:00,480,7371776,0,20832256,0,441761792,3850240,0,13500416,0,353476608,,,,,,55349248,0,217964544,0,495923200,49827840,0,183369728,0,1781538816,7472128,0,18997248,0,442150912,173096960,981372928
2025-06-28 17:01:01,481,7363584,0,20828160,0,441761792,3850240,0,13500416,0,353476608,,,,,,55349248,0,217964544,0,495923200,49827840,0,183369728,0,1781538816,7472128,0,18997248,0,442150912,173096960,981372928
2025-06-28 17:01:02,482,7384064,0,21024768,0,441761792,3850240,0,13500416,0,353476608,,,,,,55349248,0,217964544,0,495923200,49827840,0,183369728,0,1781538816,7472128,0,18997248,0,442150912,173096960,981372928
2025-06-28 17:01:03,483,7375872,0,20828160,0,441761792,3850240,0,13500416,0,353476608,,,,,,55349248,0,217964544,0,495923200,49827840,0,183369728,0,1781538816,7472128,0,19128320,0,442150912,173096960,981372928
2025-06-28 17:01:04,484,7388160,0,20635648,0,441761792,3850240,0,13500416,0,353476608,,,,,,55349248,0,217964544,0,495923200,49827840,0,183369728,0,1781538816,7472128,0,19128320,0,442150912,173096960,981372928
2025-06-28 17:01:05,485,7388160,0,20836352,0,441761792,3850240,0,13500416,0,353476608,,,,,,55349248,0,217964544,0,495927296,49827840,0,183369728,0,1781538816,7472128,0,19128320,0,442150912,173096960,981372928
2025-06-28 17:01:06,486,7388160,0,20967424,0,441761792,3850240,0,13500416,0,353476608,,,,,,55349248,0,217964544,0,495923200,49827840,0,183369728,0,1781538816,7472128,0,18997248,0,442150912,173096960,981372928
2025-06-28 17:01:07,487,7388160,0,21159936,0,441761792,3850240,0,13500416,0,353476608,,,,,,55349248,0,217964544,0,495923200,49827840,0,183369728,0,1781538816,7472128,0,18997248,0,442150912,173096960,981372928
2025-06-28 17:01:08,488,7388160,0,21028864,0,441761792,3850240,0,13500416,0,353476608,,,,,,55349248,0,217964544,0,495927296,49827840,0,183369728,0,1781538816,7472128,0,18997248,0,442150912,173096960,981372928
2025-06-28 17:01:09,489,7400448,0,20705280,0,441761792,3850240,0,13500416,0,353476608,,,,,,55353344,0,217964544,0,495927296,49827840,0,183369728,0,1781538816,7472128,0,18997248,0,442150912,173096960,981372928
2025-06-28 17:01:10,490,7400448,0,20701184,0,441761792,3850240,0,13500416,0,353476608,,,,,,55353344,0,217964544,0,495923200,49827840,0,183369728,0,1781538816,7472128,0,18997248,0,442150912,173096960,981372928
2025-06-28 17:01:11,491,7404544,0,20508672,0,441761792,3850240,0,13500416,0,353476608,,,,,,55349248,0,217964544,0,495923200,49827840,0,183369728,0,1781538816,7472128,0,18997248,0,442150912,158306304,981372928
2025-06-28 17:01:12,492,7384064,0,20312064,0,441761792,3850240,0,13500416,0,353476608,,,,,,55349248,0,217964544,0,495923200,49827840,0,183369728,0,1781538816,7472128,0,18997248,0,442150912,158306304,981372928
2025-06-28 17:01:13,493,7388160,0,20504576,0,441761792,3850240,0,13500416,0,353476608,,,,,,55349248,0,217964544,0,495927296,49827840,0,183369728,0,1781538816,7472128,0,18997248,0,442150912,158306304,981372928
2025-06-28 17:01:14,494,7388160,0,20500480,0,441761792,3850240,0,13500416,0,353476608,,,,,,55349248,0,217964544,0,495923200,49827840,0,183369728,0,1781538816,7472128,0,18997248,0,442150912,158306304,981372928
2025-06-28 17:01:15,495,7388160,0,20303872,0,441761792,3850240,0,13500416,0,353476608,,,,,,55349248,0,217964544,0,495923200,49827840,0,183369728,0,1781538816,7472128,0,18997248,0,442150912,158306304,981372928
2025-06-28 17:01:16,496,7388160,0,20500480,0,441761792,3850240,0,13500416,0,353476608,,,,,,55349248,0,217964544,0,495923200,49827840,0,183369728,0,1781538816,7472128,0,18997248,0,442150912,158306304,981372928
2025-06-28 17:01:17,497,7388160,0,20692992,0,441761792,3850240,0,13500416,0,353476608,,,,,,55349248,0,217964544,0,495923200,49827840,0,183369728,0,1781538816,7472128,0,18997248,0,442150912,158306304,981372928
2025-06-28 17:01:18,498,7388160,0,20500480,0,441761792,3850240,0,13500416,0,353476608,,,,,,55349248,0,217964544,0,495923200,49827840,0,183369728,0,1781538816,7472128,0,18997248,0,442150912,158306304,981372928
2025-06-28 17:01:19,499,7388160,0,20500480,0,441761792,3850240,0,13500416,0,353476608,,,,,,55349248,0,217964544,0,495923200,49827840,0,183369728,0,1781538816,7472128,0,18997248,0,442150912,158306304,981372928
2025-06-28 17:01:20,500,7388160,0,20701184,0,441761792,3850240,0,13500416,0,353476608,,,,,,55349248,0,217964544,0,495923200,49827840,0,183369728,0,1781538816,7472128,0,18829312,0,442150912,158306304,981372928
2025-06-28 17:01:21,501,7392256,0,20697088,0,441761792,3850240,0,13500416,0,353476608,,,,,,55349248,0,217964544,0,496189440,49827840,0,183369728,0,1781538816,7472128,0,18829312,0,442150912,158306304,981372928
2025-06-28 17:01:22,502,7392256,0,20893696,0,441761792,3850240,0,13500416,0,353476608,,,,,,55349248,0,217964544,0,495923200,49827840,0,183369728,0,1781538816,7472128,0,19128320,0,442150912,158306304,981372928
2025-06-28 17:01:23,503,7392256,0,20885504,0,441761792,3850240,0,13500416,0,353476608,,,,,,55349248,0,217964544,0,495923200,49827840,0,183369728,0,1781538816,7472128,0,19259392,0,442150912,158306304,981372928
2025-06-28 17:01:24,504,7392256,0,20897792,0,441761792,3850240,0,13500416,0,353476608,,,,,,55349248,0,217964544,0,495923200,49827840,0,183369728,0,1781538816,7472128,0,19259392,0,442150912,158306304,981372928
2025-06-28 17:01:25,505,7392256,0,21086208,0,441761792,3850240,0,13500416,0,353476608,,,,,,55349248,0,217964544,0,495923200,49827840,0,183369728,0,1781538816,7476224,0,19259392,0,442150912,158306304,981372928
2025-06-28 17:01:26,506,7392256,0,20889600,0,441761792,3850240,0,13500416,0,353476608,,,,,,55349248,0,217964544,0,495923200,49827840,0,183369728,0,1781538816,7476224,0,19259392,0,442150912,158306304,981372928
2025-06-28 17:01:27,507,7392256,0,20893696,0,441761792,3850240,0,13500416,0,353476608,,,,,,55353344,0,217964544,0,495927296,49827840,0,183369728,0,1781538816,7476224,0,19259392,0,442150912,158306304,981372928
2025-06-28 17:01:28,508,7392256,0,20893696,0,441761792,3850240,0,13500416,0,353476608,,,,,,55349248,0,217964544,0,495923200,49827840,0,183369728,0,1781538816,7476224,0,19259392,0,442150912,158306304,981372928
2025-06-28 17:01:29,509,7392256,0,20893696,0,441761792,3850240,0,13500416,0,353476608,,,,,,55349248,0,217964544,0,495923200,49827840,0,183369728,0,1781538816,7476224,0,18956288,0,442150912,158306304,981372928
2025-06-28 17:01:30,510,7392256,0,20697088,0,441761792,3850240,0,13500416,0,353476608,,,,,,55349248,0,217964544,0,495923200,49827840,0,183369728,0,1781538816,7476224,0,18956288,0,442150912,158306304,981372928
2025-06-28 17:01:31,511,7392256,0,20692992,0,441761792,3850240,0,13500416,0,353476608,,,,,,55349248,0,217964544,0,495923200,49827840,0,183369728,0,1781538816,7476224,0,18825216,0,442150912,158306304,981372928
2025-06-28 17:01:32,512,7392256,0,20692992,0,441761792,3850240,0,13500416,0,353476608,,,,,,55349248,0,217964544,0,495923200,49827840,0,183369728,0,1781538816,7476224,0,18993152,0,442150912,158306304,981372928
2025-06-28 17:01:33,513,7392256,0,20692992,0,441761792,3850240,0,13500416,0,353476608,,,,,,55349248,0,217964544,0,495923200,49827840,0,183369728,0,1781538816,7476224,0,18993152,0,442150912,158306304,981372928
2025-06-28 17:01:34,514,7392256,0,20889600,0,441761792,3850240,0,13500416,0,353476608,,,,,,55349248,0,217964544,0,495923200,49827840,0,183369728,0,1781538816,7476224,0,18993152,0,442150912,158306304,981372928
2025-06-28 17:01:35,515,7392256,0,20688896,0,441761792,3850240,0,13500416,0,353476608,,,,,,55349248,0,217964544,0,495923200,49827840,0,183369728,0,1781538816,7476224,0,18993152,0,442150912,158306304,981372928
2025-06-28 17:01:36,516,7392256,0,20692992,0,441761792,3850240,0,13500416,0,353476608,,,,,,55349248,0,217964544,0,495923200,49827840,0,183369728,0,1781538816,7476224,0,18993152,0,442150912,158306304,981372928
2025-06-28 17:01:37,517,7392256,0,20889600,0,441761792,3850240,0,13500416,0,353476608,,,,,,55353344,0,217964544,0,495923200,49827840,0,183369728,0,1781538816,7476224,0,18993152,0,442150912,158306304,981372928
2025-06-28 17:01:38,518,7392256,0,20697088,0,441761792,3850240,0,13500416,0,353476608,,,,,,55349248,0,217964544,0,495923200,49827840,0,183369728,0,1781538816,7476224,0,18993152,0,442150912,158306304,981372928
2025-06-28 17:01:39,519,7392256,0,20692992,0,441761792,3850240,0,13500416,0,353476608,,,,,,55349248,0,217964544,0,495923200,49827840,0,183369728,0,1781538816,7476224,0,18993152,0,442150912,158306304,981372928
2025-06-28 17:01:40,520,7392256,0,20889600,0,441761792,3850240,0,13500416,0,353476608,,,,,,55349248,0,217964544,0,495923200,49827840,0,183369728,0,1781538816,7476224,0,18993152,0,442150912,158306304,981372928
2025-06-28 17:01:41,521,7392256,0,20692992,0,441761792,3850240,0,13500416,0,353476608,,,,,,55349248,0,217964544,0,495923200,49827840,0,183369728,0,1781538816,7476224,0,18993152,0,442150912,158306304,981372928
2025-06-28 17:01:42,522,7392256,0,20692992,0,441761792,3850240,0,13500416,0,353476608,,,,,,55349248,0,217964544,0,495927296,49827840,0,183369728,0,1781538816,7476224,0,18993152,0,442150912,158306304,981372928
2025-06-28 17:01:43,523,7392256,0,20688896,0,441761792,3850240,0,13500416,0,353476608,,,,,,55349248,0,217833472,0,495923200,49827840,0,183369728,0,1781538816,7476224,0,18993152,0,442150912,158306304,981372928
2025-06-28 17:01:44,524,7392256,0,20889600,0,441761792,3850240,0,13500416,0,353476608,,,,,,55349248,0,217833472,0,495923200,49827840,0,183369728,0,1781538816,7476224,0,18993152,0,442150912,158306304,981372928
2025-06-28 17:01:45,525,7392256,0,20889600,0,441761792,3850240,0,13500416,0,353476608,,,,,,55349248,0,217833472,0,495923200,49827840,0,183369728,0,1781538816,7476224,0,18993152,0,442150912,158306304,981372928
2025-06-28 17:01:46,526,7392256,0,20692992,0,441761792,3850240,0,13500416,0,353476608,,,,,,55349248,0,217833472,0,495923200,49827840,0,183369728,0,1781538816,7476224,0,19124224,0,442150912,158306304,981372928
2025-06-28 17:01:47,527,7392256,0,21020672,0,441761792,3850240,0,13500416,0,353476608,,,,,,55349248,0,217833472,0,495923200,49827840,0,183369728,0,1781538816,7476224,0,19124224,0,442150912,158306304,981372928
2025-06-28 17:01:48,528,7392256,0,21024768,0,441761792,3850240,0,13500416,0,353476608,,,,,,55349248,0,217833472,0,495923200,49827840,0,183369728,0,1781538816,7476224,0,19124224,0,442150912,158306304,981372928
2025-06-28 17:01:49,529,7392256,0,21348352,0,441761792,3850240,0,13500416,0,353476608,,,,,,55353344,0,217833472,0,495923200,49827840,0,183369728,0,1781538816,7476224,0,19124224,0,442150912,158306304,981372928
2025-06-28 17:01:50,530,7392256,0,21151744,0,441761792,3850240,0,13500416,0,353476608,,,,,,55349248,0,217833472,0,495923200,49827840,0,183369728,0,1781538816,7476224,0,19124224,0,442150912,158306304,981372928
2025-06-28 17:01:51,531,7392256,0,21348352,0,441761792,3850240,0,13500416,0,353476608,,,,,,55349248,0,217833472,0,495923200,49827840,0,183369728,0,1781538816,7476224,0,19124224,0,442150912,158306304,981372928
2025-06-28 17:01:52,532,7392256,0,21151744,0,441761792,3850240,0,13500416,0,353476608,,,,,,55349248,0,217833472,0,495923200,49827840,0,183369728,0,1781538816,7476224,0,19124224,0,442150912,158306304,981372928
2025-06-28 17:01:53,533,7392256,0,20959232,0,441761792,3850240,0,13500416,0,353476608,,,,,,55349248,0,217833472,0,495923200,49827840,0,183369728,0,1781538816,7476224,0,19124224,0,442150912,158306304,981372928
2025-06-28 17:01:54,534,7392256,0,20959232,0,441761792,3850240,0,13500416,0,353476608,,,,,,55349248,0,217833472,0,495927296,49827840,0,183369728,0,1781538816,7476224,0,18993152,0,442150912,158306304,981372928
2025-06-28 17:01:55,535,7392256,0,20762624,0,441761792,3850240,0,13500416,0,353476608,,,,,,55349248,0,217833472,0,495923200,49827840,0,183369728,0,1781538816,7476224,0,18993152,0,442150912,158306304,981372928
2025-06-28 17:01:56,536,7388160,0,20766720,0,441761792,3850240,0,13500416,0,353476608,,,,,,55349248,0,217833472,0,495927296,49827840,0,183369728,0,1781538816,7476224,0,19124224,0,442150912,158306304,981372928
2025-06-28 17:01:57,537,7388160,0,20762624,0,441761792,3850240,0,13500416,0,353476608,,,,,,55349248,0,217833472,0,495923200,49827840,0,183369728,0,1781538816,7476224,0,19124224,0,442150912,158306304,981372928
2025-06-28 17:01:58,538,7388160,0,20570112,0,441761792,3850240,0,13500416,0,353476608,,,,,,55349248,0,217833472,0,495923200,49827840,0,183369728,0,1781538816,7476224,0,19124224,0,442150912,158306304,981372928
2025-06-28 17:01:59,539,7388160,0,20766720,0,441761792,3850240,0,13500416,0,353476608,,,,,,55353344,0,217833472,0,495923200,49827840,0,183369728,0,1781538816,7476224,0,19124224,0,442150912,158306304,981377024
2025-06-28 17:02:00,540,7388160,0,20762624,0,441761792,3850240,0,13500416,0,353476608,,,,,,55349248,0,217833472,0,495923200,49827840,0,183369728,0,1781538816,7476224,0,19124224,0,442150912,158306304,981377024
2025-06-28 17:02:01,541,7388160,0,20635648,0,441761792,3850240,0,13500416,0,353476608,,,,,,55349248,0,217833472,0,495923200,49827840,0,183369728,0,1781538816,7476224,0,19124224,0,442150912,158306304,981377024
2025-06-28 17:02:02,542,7388160,0,20828160,0,441761792,3850240,0,13500416,0,353476608,,,,,,55349248,0,217833472,0,495923200,49827840,0,183369728,0,1781538816,7476224,0,19124224,0,442150912,158306304,981377024
2025-06-28 17:02:03,543,7388160,0,20828160,0,441761792,3850240,0,13500416,0,353476608,,,,,,55349248,0,217833472,0,495923200,49827840,0,183369728,0,1781538816,7476224,0,19124224,0,442150912,158306304,981377024
2025-06-28 17:02:04,544,7388160,0,20631552,0,441761792,3850240,0,13500416,0,353476608,,,,,,55349248,0,217833472,0,495927296,49827840,0,183369728,0,1781538816,7476224,0,19124224,0,442150912,158306304,981377024
2025-06-28 17:02:05,545,7388160,0,20631552,0,441761792,3850240,0,13500416,0,353476608,,,,,,55349248,0,217833472,0,495927296,49827840,0,183369728,0,1781538816,7476224,0,19124224,0,442150912,158306304,981377024
2025-06-28 17:02:06,546,7388160,0,20828160,0,441761792,3850240,0,13500416,0,353476608,,,,,,55349248,0,217833472,0,495923200,49827840,0,183369728,0,1781538816,7476224,0,19124224,0,442150912,158306304,981377024
2025-06-28 17:02:07,547,7388160,0,20631552,0,441761792,3850240,0,13500416,0,353476608,,,,,,55349248,0,217833472,0,495923200,49827840,0,183369728,0,1781538816,7476224,0,19124224,0,442150912,158306304,981377024
2025-06-28 17:02:08,548,7388160,0,20631552,0,441761792,3850240,0,13500416,0,353476608,,,,,,55353344,0,217833472,0,495923200,49827840,0,183369728,0,1781538816,7476224,0,19124224,0,442150912,158306304,981377024
2025-06-28 17:02:09,549,7388160,0,20434944,0,441761792,3850240,0,13500416,0,353476608,,,,,,55349248,0,217833472,0,495923200,49827840,0,183369728,0,1781538816,7476224,0,19124224,0,442150912,158306304,981377024
2025-06-28 17:02:10,550,7388160,0,20762624,0,441761792,3850240,0,13500416,0,353476608,,,,,,55353344,0,217833472,0,495923200,49827840,0,183369728,0,1781538816,7476224,0,19124224,0,442150912,158306304,981377024
2025-06-28 17:02:11,551,7388160,0,20766720,0,441761792,3850240,0,13500416,0,353476608,,,,,,55349248,0,217833472,0,496189440,49827840,0,183369728,0,1781538816,7476224,0,19124224,0,442150912,158306304,981377024
2025-06-28 17:02:12,552,7388160,0,20766720,0,441761792,3850240,0,13500416,0,353476608,,,,,,55213056,0,217833472,0,495923200,49827840,0,183369728,0,1781538816,7476224,0,19124224,0,442150912,158306304,981377024
2025-06-28 17:02:13,553,7384064,0,20766720,0,441761792,3782656,0,13500416,0,353476608,27496448,0,96694272,0,265068544,53939200,0,217833472,0,495923200,47454208,0,183369728,0,1781538816,7428096,0,19124224,0,442150912,158306304,981377024
2025-06-28 17:02:14,554,7384064,0,20766720,0,441761792,3782656,0,13500416,0,353476608,27496448,0,96694272,0,265068544,53939200,0,217833472,0,495923200,47454208,0,183369728,0,1781538816,7428096,0,19124224,0,442150912,158306304,981377024
2025-06-28 17:02:15,555,7384064,0,20766720,0,441761792,3782656,0,13500416,0,353476608,27496448,0,96694272,0,265068544,53939200,0,217833472,0,495923200,47454208,0,183369728,0,1781538816,7428096,0,19124224,0,442150912,158306304,981377024
2025-06-28 17:02:16,556,7384064,0,20566016,0,441761792,3858432,0,13500416,0,487706624,27513856,0,96956416,0,265080832,53939200,0,217833472,0,496189440,47454208,0,183369728,0,1781538816,7422976,0,19124224,0,442150912,158306304,981377024
2025-06-28 17:02:17,557,7384064,0,20430848,0,441761792,3870720,0,13500416,0,487706624,27513856,0,96956416,0,265080832,53939200,0,217833472,0,495923200,47454208,0,183369728,0,1781538816,7422976,0,19124224,0,442150912,158306304,981377024
2025-06-28 17:02:18,558,7384064,0,20627456,0,441761792,3870720,0,13500416,0,487706624,27513856,0,96956416,0,265080832,53939200,0,217833472,0,495923200,47454208,0,183369728,0,1781538816,7422976,0,19124224,0,442150912,158306304,981377024
2025-06-28 17:02:19,559,7384064,0,20627456,0,441761792,3874816,0,13500416,0,487706624,27513856,0,96956416,0,265080832,53939200,0,217833472,0,495927296,47454208,0,183369728,0,1781538816,7422976,0,18993152,0,442150912,158306304,981377024
2025-06-28 17:02:20,560,7384064,0,20299776,0,441761792,3874816,0,13500416,0,487706624,27513856,0,96956416,0,265080832,53943296,0,217833472,0,495923200,47454208,0,183369728,0,1781538816,7422976,0,18993152,0,442150912,158306304,981377024
2025-06-28 17:02:21,561,7384064,0,20299776,0,441761792,3874816,0,13500416,0,487706624,27513856,0,96956416,0,265080832,53939200,0,217833472,0,495923200,47454208,0,183369728,0,1781538816,7422976,0,19124224,0,442150912,158306304,981377024
2025-06-28 17:02:22,562,7384064,0,20299776,0,441761792,3883008,0,13500416,0,487706624,27513856,0,96956416,0,265080832,53939200,0,217833472,0,495923200,47454208,0,183369728,0,1781538816,7422976,0,19124224,0,442150912,158306304,981377024
2025-06-28 17:02:23,563,7384064,0,20496384,0,441761792,3887104,0,13500416,0,487706624,27513856,0,96956416,0,265080832,53939200,0,217833472,0,495923200,47454208,0,183369728,0,1781538816,7422976,0,19124224,0,442150912,158306304,981377024
2025-06-28 17:02:24,564,7384064,0,20697088,0,441761792,3887104,0,13500416,0,487706624,27513856,0,96956416,0,265080832,53939200,0,217833472,0,495923200,47454208,0,183369728,0,1781538816,7422976,0,18817024,0,442150912,158306304,981377024
2025-06-28 17:02:25,565,7384064,0,20504576,0,441761792,3887104,0,13500416,0,487706624,27513856,0,96956416,0,265080832,53939200,0,217833472,0,495923200,47454208,0,183369728,0,1781538816,7422976,0,18817024,0,442150912,158306304,981377024
2025-06-28 17:02:26,566,7384064,0,20500480,0,441761792,3891200,0,13500416,0,487706624,27513856,0,96956416,0,265080832,53943296,0,217833472,0,495923200,47454208,0,183369728,0,1781538816,7422976,0,18984960,0,442150912,158306304,981377024
2025-06-28 17:02:27,567,7384064,0,20504576,0,441761792,3891200,0,13500416,0,487706624,27513856,0,96956416,0,265080832,53939200,0,217833472,0,495923200,47454208,0,183369728,0,1781538816,7422976,0,18984960,0,442150912,158306304,981377024
2025-06-28 17:02:28,568,7384064,0,20504576,0,441761792,3891200,0,13500416,0,487706624,27513856,0,96956416,0,265080832,53939200,0,217833472,0,495923200,47454208,0,183369728,0,1781538816,7422976,0,18984960,0,442150912,158306304,981377024
2025-06-28 17:02:29,569,7384064,0,20828160,0,441761792,3891200,0,13500416,0,487706624,27513856,0,96956416,0,265080832,53939200,0,217833472,0,495927296,47454208,0,183369728,0,1781538816,7422976,0,18984960,0,442150912,158306304,981377024
2025-06-28 17:02:30,570,7384064,0,20824064,0,441761792,3891200,0,13500416,0,487706624,27513856,0,96956416,0,265080832,53939200,0,217833472,0,495923200,47454208,0,183369728,0,1781538816,7422976,0,18984960,0,442150912,158306304,981377024
2025-06-28 17:02:31,571,7388160,0,20828160,0,441761792,3891200,0,13500416,0,487706624,27513856,0,96956416,0,265080832,53939200,0,217833472,0,495923200,47454208,0,183369728,0,1781538816,7422976,0,18984960,0,442150912,158306304,981377024
2025-06-28 17:02:32,572,7388160,0,20828160,0,441761792,3891200,0,13500416,0,487706624,27513856,0,96956416,0,265080832,53939200,0,217833472,0,495923200,47454208,0,183369728,0,1781538816,7422976,0,18984960,0,442150912,158306304,981377024
2025-06-28 17:02:33,573,7388160,0,20631552,0,441761792,3891200,0,13500416,0,487706624,27513856,0,96956416,0,265080832,53943296,0,217833472,0,495923200,47454208,0,183369728,0,1781538816,7422976,0,18984960,0,442150912,158306304,981377024
2025-06-28 17:02:34,574,7388160,0,20631552,0,441761792,3891200,0,13500416,0,487706624,27513856,0,96956416,0,265080832,53939200,0,217833472,0,495923200,47454208,0,183369728,0,1781538816,7422976,0,18984960,0,442150912,158306304,981377024
2025-06-28 17:02:35,575,7388160,0,20635648,0,441761792,3891200,0,13500416,0,487706624,27513856,0,96956416,0,265080832,53939200,0,217833472,0,495923200,47454208,0,183369728,0,1781538816,7422976,0,18984960,0,442150912,158306304,981377024
2025-06-28 17:02:36,576,7392256,0,20496384,0,441761792,3891200,0,13500416,0,487706624,27513856,0,96956416,0,265080832,53939200,0,217833472,0,495923200,47454208,0,183369728,0,1781538816,7422976,0,18984960,0,442150912,158306304,981377024
2025-06-28 17:02:37,577,7396352,0,20504576,0,441761792,3891200,0,13500416,0,487706624,27513856,0,96956416,0,265080832,53939200,0,217833472,0,495923200,47454208,0,183369728,0,1781538816,7422976,0,18984960,0,442150912,158306304,981377024
2025-06-28 17:02:38,578,7396352,0,20692992,0,441761792,3891200,0,13500416,0,487706624,27513856,0,96956416,0,265080832,53939200,0,217833472,0,495923200,47454208,0,183369728,0,1781538816,7422976,0,18984960,0,442150912,158306304,981377024
2025-06-28 17:02:39,579,7396352,0,20496384,0,441761792,3891200,0,13500416,0,487706624,27513856,0,96956416,0,265080832,53939200,0,217833472,0,495923200,47454208,0,183369728,0,1781538816,7422976,0,18984960,0,442150912,158306304,981377024
2025-06-28 17:02:40,580,7396352,0,20492288,0,441761792,3891200,0,13500416,0,487706624,27513856,0,96956416,0,265080832,53943296,0,217833472,0,496189440,47454208,0,183369728,0,1781538816,7422976,0,18984960,0,442150912,158306304,981377024
2025-06-28 17:02:41,581,7396352,0,20688896,0,441761792,3891200,0,13500416,0,487706624,27513856,0,96956416,0,265080832,53939200,0,217833472,0,495927296,47454208,0,183369728,0,1781538816,7422976,0,18984960,0,442150912,158310400,981377024
2025-06-28 17:02:42,582,7392256,0,20688896,0,441761792,3891200,0,13500416,0,487706624,27513856,0,96956416,0,265080832,53939200,0,217833472,0,495923200,47454208,0,183369728,0,1781538816,7422976,0,18984960,0,442150912,158310400,981377024
2025-06-28 17:02:43,583,7392256,0,20492288,0,441761792,3891200,0,13500416,0,487706624,27513856,0,96956416,0,265080832,53939200,0,217833472,0,495923200,47454208,0,183369728,0,1781538816,7422976,0,18984960,0,442150912,158310400,981377024
2025-06-28 17:02:44,584,7392256,0,20692992,0,441761792,3891200,0,13500416,0,487706624,27513856,0,96956416,0,265080832,53939200,0,217833472,0,495927296,47454208,0,183369728,0,1781538816,7422976,0,18984960,0,442150912,158310400,981377024
2025-06-28 17:02:45,585,7392256,0,20496384,0,441761792,3891200,0,13500416,0,487706624,27513856,0,96956416,0,265080832,53939200,0,217833472,0,495923200,47454208,0,183369728,0,1781538816,7422976,0,18984960,0,442150912,158310400,981377024
2025-06-28 17:02:46,586,7396352,0,20500480,0,441761792,3891200,0,13500416,0,487706624,27513856,0,96956416,0,265080832,53939200,0,217833472,0,495923200,47454208,0,183369728,0,1781538816,7422976,0,18984960,0,442150912,158310400,981377024
2025-06-28 17:02:47,587,7396352,0,20697088,0,441761792,3891200,0,13500416,0,487706624,27513856,0,96956416,0,265080832,53939200,0,217833472,0,495923200,47454208,0,183369728,0,1781538816,7422976,0,18984960,0,442150912,158310400,981377024
2025-06-28 17:02:48,588,7396352,0,20697088,0,441761792,3891200,0,13500416,0,487706624,27513856,0,96956416,0,265080832,53939200,0,217833472,0,495923200,47454208,0,183369728,0,1781538816,7422976,0,18984960,0,442150912,158310400,981377024
2025-06-28 17:02:49,589,7396352,0,20504576,0,441761792,3891200,0,13500416,0,487706624,27513856,0,96956416,0,265080832,53939200,0,217833472,0,495923200,47454208,0,183369728,0,1781538816,7422976,0,18984960,0,442150912,158310400,981377024
2025-06-28 17:02:50,590,7396352,0,20697088,0,441761792,3891200,0,13500416,0,487706624,27513856,0,96956416,0,265080832,53939200,0,217833472,0,495927296,47454208,0,183369728,0,1781538816,7422976,0,18984960,0,442150912,158310400,981377024
2025-06-28 17:02:51,591,7396352,0,20697088,0,441761792,3891200,0,13500416,0,487706624,27513856,0,96956416,0,265080832,53939200,0,217833472,0,495923200,47454208,0,183369728,0,1781538816,7422976,0,18984960,0,442150912,158310400,981377024
2025-06-28 17:02:52,592,7396352,0,20504576,0,441761792,3891200,0,13500416,0,487706624,27513856,0,96956416,0,265080832,53939200,0,217833472,0,495923200,47454208,0,183369728,0,1781538816,7422976,0,18984960,0,442150912,158310400,981377024
2025-06-28 17:02:53,593,7396352,0,20832256,0,441761792,3891200,0,13500416,0,487706624,27513856,0,96956416,0,265080832,53939200,0,217964544,0,495927296,47454208,0,183369728,0,1781538816,7422976,0,18984960,0,442150912,158314496,981442560
2025-06-28 17:02:54,594,7396352,0,20635648,0,441761792,3891200,0,13500416,0,487706624,27513856,0,96956416,0,265080832,53939200,0,217964544,0,495923200,47454208,0,183369728,0,1781538816,7422976,0,18984960,0,442150912,158314496,981442560
2025-06-28 17:02:55,595,7396352,0,20824064,0,441761792,3891200,0,13500416,0,487706624,27513856,0,96956416,0,265080832,53939200,0,217964544,0,495923200,47454208,0,183369728,0,1781538816,7422976,0,18984960,0,442150912,158314496,981442560
2025-06-28 17:02:56,596,7392256,0,20824064,0,441761792,3891200,0,13500416,0,487706624,27513856,0,96956416,0,265080832,53939200,0,217964544,0,495923200,47454208,0,183369728,0,1781538816,7422976,0,18984960,0,442150912,158314496,981442560
2025-06-28 17:02:57,597,7392256,0,20627456,0,441761792,3891200,0,13500416,0,487706624,27513856,0,96956416,0,265080832,53939200,0,217964544,0,496189440,47454208,0,183369728,0,1781538816,7422976,0,18984960,0,442150912,158314496,981442560
2025-06-28 17:02:58,598,7392256,0,20824064,0,441761792,3891200,0,13500416,0,487706624,27513856,0,96956416,0,265080832,53939200,0,217964544,0,495927296,47454208,0,183369728,0,1781538816,7422976,0,18984960,0,442150912,158314496,981442560
2025-06-28 17:02:59,599,7392256,0,20828160,0,441761792,3891200,0,13500416,0,487706624,27513856,0,96956416,0,265080832,53939200,0,217964544,0,495923200,47454208,0,183369728,0,1781538816,7422976,0,18984960,0,442150912,158314496,981508096
2025-06-28 17:03:00,600,7392256,0,20828160,0,441761792,3891200,0,13500416,0,487706624,27513856,0,96956416,0,265080832,53939200,0,217964544,0,495927296,47454208,0,183369728,0,1781538816,7422976,0,18984960,0,442150912,158314496,981508096
2025-06-28 17:03:01,601,7392256,0,21024768,0,441761792,3891200,0,13500416,0,487706624,27513856,0,96956416,0,265080832,53943296,0,217964544,0,495923200,47454208,0,183369728,0,1781538816,7422976,0,18984960,0,442150912,158314496,981508096
2025-06-28 17:03:02,602,7392256,0,20828160,0,441761792,3893248,0,13500416,0,487706624,27515904,0,96956416,0,265080832,53943296,0,217964544,0,495923200,47454208,0,183369728,0,1781538816,7422976,0,18984960,0,442150912,158314496,981508096
2025-06-28 17:03:03,603,7392256,0,21020672,0,441761792,3893248,0,13500416,0,487706624,27515904,0,96956416,0,265080832,53939200,0,217964544,0,495923200,47454208,0,183369728,0,1781538816,7422976,0,18984960,0,442150912,158314496,981508096
2025-06-28 17:03:04,604,7392256,0,20819968,0,441761792,3893248,0,13500416,0,487706624,27515904,0,96956416,0,265080832,53939200,0,217964544,0,495923200,47454208,0,183369728,0,1781538816,7422976,0,18984960,0,442150912,158314496,981508096
2025-06-28 17:03:05,605,7392256,0,20951040,0,441761792,3893248,0,13500416,0,487706624,27515904,0,96956416,0,265080832,53939200,0,217964544,0,495927296,47454208,0,183369728,0,1781538816,7422976,0,18984960,0,442150912,158314496,981508096
2025-06-28 17:03:06,606,7396352,0,20758528,0,441761792,3893248,0,13500416,0,487706624,27515904,0,96956416,0,265080832,53939200,0,217964544,0,495923200,47454208,0,183369728,0,1781538816,7422976,0,18984960,0,442150912,158314496,981508096
2025-06-28 17:03:07,607,7396352,0,20951040,0,441761792,3893248,0,13500416,0,487706624,27515904,0,96956416,0,265080832,53939200,0,217964544,0,495927296,47454208,0,183369728,0,1781538816,7422976,0,18984960,0,442150912,158314496,981508096
2025-06-28 17:03:08,608,7396352,0,21151744,0,441761792,3893248,0,13500416,0,487706624,27515904,0,96956416,0,265080832,53939200,0,217964544,0,495923200,47454208,0,183369728,0,1781538816,7422976,0,18984960,0,442150912,158314496,981508096
2025-06-28 17:03:09,609,7396352,0,20951040,0,441761792,3893248,0,13500416,0,487706624,27515904,0,96956416,0,265080832,53939200,0,217964544,0,495927296,47454208,0,183369728,0,1781538816,7422976,0,18984960,0,442150912,158314496,981508096
2025-06-28 17:03:10,610,7396352,0,20815872,0,441761792,3893248,0,13500416,0,487706624,27515904,0,96956416,0,265080832,53939200,0,217964544,0,495923200,47454208,0,183369728,0,1781538816,7422976,0,18984960,0,442150912,158314496,981508096
2025-06-28 17:03:11,611,7392256,0,20627456,0,441761792,3893248,0,13500416,0,487706624,27515904,0,96956416,0,265080832,53939200,0,217964544,0,496189440,47454208,0,183369728,0,1781538816,7422976,0,18984960,0,442150912,158314496,981508096
2025-06-28 17:03:12,612,7392256,0,20619264,0,441761792,3893248,0,13500416,0,487706624,27515904,0,96956416,0,265080832,53939200,0,217964544,0,496189440,47454208,0,183369728,0,1781538816,7422976,0,18984960,0,442150912,158314496,981508096
2025-06-28 17:03:13,613,7392256,0,20619264,0,441761792,3893248,0,13500416,0,487706624,27515904,0,96956416,0,265080832,53939200,0,217964544,0,495923200,47454208,0,183369728,0,1781538816,7422976,0,18984960,0,442150912,158314496,981508096
2025-06-28 17:03:14,614,7392256,0,20819968,0,441761792,3893248,0,13500416,0,487706624,27515904,0,96956416,0,265080832,53939200,0,217964544,0,495923200,47454208,0,183369728,0,1781538816,7422976,0,18984960,0,442150912,158314496,981508096
2025-06-28 17:03:15,615,7392256,0,21020672,0,441761792,3897344,0,13500416,0,487706624,27515904,0,96956416,0,265080832,53943296,0,217964544,0,496189440,47454208,0,183369728,0,1781538816,7422976,0,18984960,0,442150912,158314496,981508096
2025-06-28 17:03:16,616,7392256,0,20824064,0,441761792,3897344,0,13500416,0,487706624,27515904,0,96956416,0,265080832,53943296,0,217964544,0,495923200,47454208,0,183369728,0,1781538816,7422976,0,18984960,0,442150912,158314496,981508096
2025-06-28 17:03:17,617,7392256,0,20828160,0,441761792,3897344,0,13500416,0,487706624,27515904,0,96956416,0,265080832,53939200,0,217964544,0,495923200,47454208,0,183369728,0,1781538816,7422976,0,18984960,0,442150912,158314496,981508096
2025-06-28 17:03:18,618,7392256,0,20828160,0,441761792,3897344,0,13500416,0,487706624,27515904,0,96956416,0,265080832,53939200,0,217964544,0,495923200,47454208,0,183369728,0,1781538816,7422976,0,18984960,0,442150912,158314496,981508096
2025-06-28 17:03:19,619,7392256,0,20635648,0,441761792,3897344,0,13500416,0,487706624,27515904,0,96956416,0,265080832,53939200,0,217964544,0,495923200,47454208,0,183369728,0,1781538816,7422976,0,18984960,0,442150912,158314496,981508096
2025-06-28 17:03:20,620,7392256,0,20635648,0,441761792,3897344,0,13500416,0,487706624,27515904,0,96956416,0,265080832,53943296,0,217964544,0,495923200,47454208,0,183369728,0,1781538816,7422976,0,18984960,0,442150912,158314496,981508096
2025-06-28 17:03:21,621,7396352,0,20443136,0,441761792,3897344,0,13500416,0,487706624,27515904,0,96956416,0,265080832,53939200,0,217964544,0,495923200,47454208,0,183369728,0,1781538816,7422976,0,18984960,0,442150912,158314496,981508096
2025-06-28 17:03:22,622,7396352,0,20639744,0,441761792,3897344,0,13500416,0,487706624,27515904,0,96956416,0,265080832,53939200,0,217964544,0,495923200,47454208,0,183369728,0,1781538816,7422976,0,18984960,0,442150912,158314496,981508096
2025-06-28 17:03:23,623,7396352,0,20639744,0,441761792,3897344,0,13500416,0,487706624,27515904,0,96956416,0,265080832,53943296,0,217964544,0,495923200,47454208,0,183369728,0,1781538816,7422976,0,18984960,0,442150912,158314496,981508096
2025-06-28 17:03:24,624,7396352,0,20639744,0,441761792,3897344,0,13500416,0,487706624,27515904,0,96956416,0,265080832,53939200,0,217964544,0,495923200,47454208,0,183369728,0,1781538816,7422976,0,18984960,0,442150912,158314496,981508096
2025-06-28 17:03:25,625,7396352,0,20443136,0,441761792,3897344,0,13500416,0,487706624,27515904,0,96956416,0,265080832,53939200,0,217964544,0,495923200,47454208,0,183369728,0,1781538816,7422976,0,18984960,0,442150912,158314496,981508096
2025-06-28 17:03:26,626,7396352,0,20443136,0,441761792,3897344,0,13500416,0,487706624,27515904,0,96956416,0,265080832,53939200,0,217964544,0,495927296,47454208,0,183369728,0,1781538816,7422976,0,18984960,0,442150912,158314496,981508096
2025-06-28 17:03:27,627,7396352,0,20635648,0,441761792,3897344,0,13500416,0,487706624,27515904,0,96956416,0,265080832,53939200,0,217964544,0,495923200,47454208,0,183369728,0,1781538816,7422976,0,18984960,0,442150912,158978048,981508096
2025-06-28 17:03:28,628,7396352,0,20631552,0,441761792,3897344,0,13500416,0,487706624,27515904,0,96956416,0,265080832,53939200,0,217964544,0,495927296,47454208,0,183369728,0,1781538816,7422976,0,18984960,0,442150912,158978048,981508096
2025-06-28 17:03:29,629,7396352,0,20627456,0,441761792,3897344,0,13500416,0,487706624,27515904,0,96956416,0,265080832,53939200,0,217964544,0,495923200,47454208,0,183369728,0,1781538816,7422976,0,18984960,0,442150912,158978048,981508096
2025-06-28 17:03:30,630,7396352,0,20824064,0,441761792,3897344,0,13500416,0,487706624,27515904,0,96956416,0,265080832,53939200,0,217964544,0,495923200,47454208,0,183369728,0,1781538816,7422976,0,18984960,0,442150912,158978048,981508096
2025-06-28 17:03:31,631,7400448,0,20824064,0,441761792,3897344,0,13500416,0,487706624,27515904,0,96956416,0,265080832,53939200,0,217964544,0,495923200,47454208,0,183369728,0,1781538816,7422976,0,18984960,0,442150912,158978048,981512192
2025-06-28 17:03:32,632,7400448,0,20824064,0,441761792,3897344,0,13500416,0,487706624,27515904,0,96956416,0,265080832,53939200,0,217964544,0,495923200,47454208,0,183369728,0,1781538816,7422976,0,18984960,0,442150912,158978048,981512192
2025-06-28 17:03:33,633,7400448,0,20496384,0,441761792,3897344,0,13500416,0,487706624,27515904,0,96956416,0,265080832,53939200,0,217964544,0,495927296,47454208,0,183369728,0,1781538816,7422976,0,18984960,0,442150912,158978048,981512192
2025-06-28 17:03:34,634,7400448,0,20496384,0,441761792,3897344,0,13500416,0,487706624,27515904,0,96956416,0,265080832,53939200,0,217964544,0,495923200,47454208,0,183369728,0,1781538816,7422976,0,18984960,0,442150912,158978048,981512192
2025-06-28 17:03:35,635,7400448,0,20688896,0,441761792,3897344,0,13500416,0,487706624,27515904,0,96956416,0,265080832,53939200,0,217964544,0,495927296,47454208,0,183369728,0,1781538816,7422976,0,18984960,0,442150912,158978048,981512192
2025-06-28 17:03:36,636,7400448,0,20488192,0,441761792,3897344,0,13500416,0,487706624,27515904,0,96956416,0,265080832,53939200,0,217964544,0,495927296,47454208,0,183369728,0,1781538816,7422976,0,18984960,0,442150912,158978048,981512192
2025-06-28 17:03:37,637,7400448,0,20488192,0,441761792,3897344,0,13500416,0,487706624,27515904,0,96956416,0,265080832,53939200,0,217964544,0,495923200,47454208,0,183369728,0,1781538816,7422976,0,18984960,0,442150912,158978048,981512192
2025-06-28 17:03:38,638,7400448,0,20811776,0,441761792,3897344,0,13500416,0,487706624,27515904,0,96956416,0,265080832,53939200,0,217964544,0,495923200,47454208,0,183369728,0,1781538816,7422976,0,18817024,0,442150912,158978048,981512192
2025-06-28 17:03:39,639,7400448,0,20815872,0,441761792,3897344,0,13500416,0,487706624,27515904,0,96956416,0,265080832,53939200,0,217964544,0,495927296,47454208,0,183369728,0,1781538816,7422976,0,18984960,0,442150912,158978048,981512192
2025-06-28 17:03:40,640,7400448,0,20815872,0,441761792,3897344,0,13500416,0,487706624,27515904,0,96956416,0,265080832,53939200,0,217964544,0,495927296,47454208,0,183369728,0,1781538816,7422976,0,18984960,0,442150912,159641600,981512192
2025-06-28 17:03:41,641,7400448,0,20815872,0,441761792,3897344,0,13500416,0,487706624,27515904,0,96956416,0,265080832,53939200,0,217964544,0,495927296,47454208,0,183369728,0,1781538816,7422976,0,18984960,0,442150912,159641600,981512192
2025-06-28 17:03:42,642,7400448,0,20492288,0,441761792,3897344,0,13500416,0,487706624,27515904,0,96956416,0,265080832,53943296,0,217964544,0,495923200,47454208,0,183369728,0,1781538816,7422976,0,18984960,0,442150912,159756288,981512192
2025-06-28 17:03:43,643,7400448,0,20492288,0,441761792,3897344,0,13500416,0,487706624,27515904,0,96956416,0,265080832,53939200,0,217964544,0,495923200,47454208,0,183369728,0,1781538816,7422976,0,18984960,0,442150912,159756288,981577728
2025-06-28 17:03:44,644,7400448,0,20496384,0,441761792,3897344,0,13500416,0,487706624,27515904,0,96956416,0,265080832,53939200,0,217964544,0,495927296,47454208,0,183369728,0,1781538816,7422976,0,18984960,0,442150912,159756288,981577728
2025-06-28 17:03:45,645,7400448,0,20819968,0,441761792,3897344,0,13500416,0,487706624,27515904,0,96956416,0,265080832,53939200,0,217964544,0,495923200,47454208,0,183369728,0,1781538816,7422976,0,18984960,0,442150912,159756288,981577728
2025-06-28 17:03:46,646,7396352,0,20819968,0,441761792,3897344,0,13500416,0,487706624,27515904,0,96956416,0,265080832,53939200,0,217964544,0,495923200,47454208,0,183369728,0,1781538816,7422976,0,18984960,0,442150912,159756288,981577728
2025-06-28 17:03:47,647,7396352,0,20623360,0,441761792,3897344,0,13500416,0,487706624,27515904,0,96956416,0,265080832,53939200,0,217964544,0,495923200,47454208,0,183369728,0,1781538816,7422976,0,18984960,0,442150912,160305152,981577728
2025-06-28 17:03:48,648,7396352,0,20623360,0,441761792,3897344,0,13500416,0,487706624,27515904,0,96956416,0,265080832,53939200,0,217964544,0,495923200,47454208,0,183369728,0,1781538816,7422976,0,18984960,0,442150912,160305152,981577728
2025-06-28 17:03:49,649,7396352,0,20619264,0,441761792,3897344,0,13500416,0,487706624,27515904,0,96956416,0,265080832,53939200,0,217964544,0,495927296,47454208,0,183369728,0,1781538816,7422976,0,18984960,0,442150912,160305152,981577728
2025-06-28 17:03:50,650,7396352,0,20815872,0,441761792,3897344,0,13500416,0,487706624,27515904,0,96956416,0,265080832,53939200,0,217964544,0,495923200,47454208,0,183369728,0,1781538816,7422976,0,18984960,0,442150912,160305152,981577728
2025-06-28 17:03:51,651,7396352,0,20815872,0,441761792,3897344,0,13500416,0,487706624,27515904,0,96956416,0,265080832,53939200,0,217964544,0,495923200,47454208,0,183369728,0,1781538816,7422976,0,19116032,0,442150912,160305152,981577728
2025-06-28 17:03:52,652,7396352,0,20615168,0,441761792,3897344,0,13500416,0,487706624,27515904,0,96956416,0,265080832,53939200,0,217964544,0,495923200,47454208,0,183369728,0,1781538816,7422976,0,19116032,0,442150912,160305152,981577728
2025-06-28 17:03:53,653,7396352,0,20815872,0,441761792,3897344,0,13500416,0,487706624,27515904,0,96956416,0,265080832,53939200,0,217964544,0,495927296,47454208,0,183369728,0,1781538816,7422976,0,19116032,0,442150912,160305152,981577728
2025-06-28 17:03:54,654,7396352,0,20824064,0,441761792,3897344,0,13500416,0,487706624,27515904,0,96956416,0,265080832,53939200,0,217964544,0,495927296,47454208,0,183369728,0,1781538816,7422976,0,19116032,0,442150912,160305152,981577728
2025-06-28 17:03:55,655,7396352,0,20824064,0,441761792,3897344,0,13500416,0,487706624,27515904,0,96956416,0,265080832,53939200,0,217964544,0,495923200,47454208,0,183369728,0,1781538816,7422976,0,19116032,0,442150912,160305152,981577728
2025-06-28 17:03:56,656,7392256,0,20824064,0,441761792,3897344,0,13500416,0,487706624,27515904,0,96956416,0,265080832,53939200,0,217964544,0,495923200,47454208,0,183369728,0,1781538816,7422976,0,19116032,0,442150912,160305152,981577728
2025-06-28 17:03:57,657,7392256,0,20824064,0,441761792,3897344,0,13500416,0,487706624,27515904,0,96956416,0,265080832,53939200,0,217964544,0,495923200,47454208,0,183369728,0,1781538816,7422976,0,19116032,0,442150912,160305152,981577728
2025-06-28 17:03:58,658,7392256,0,20819968,0,441761792,3897344,0,13500416,0,487706624,27515904,0,96956416,0,265080832,53939200,0,217964544,0,495923200,47454208,0,183369728,0,1781538816,7422976,0,19116032,0,442150912,160305152,981577728
2025-06-28 17:03:59,659,7392256,0,20627456,0,441761792,3897344,0,13500416,0,487706624,27515904,0,96956416,0,265080832,53939200,0,217964544,0,495927296,47454208,0,183369728,0,1781538816,7422976,0,19116032,0,442150912,160305152,981577728
2025-06-28 17:04:00,660,7392256,0,20627456,0,441761792,3897344,0,13500416,0,487706624,27515904,0,96956416,0,265080832,53947392,0,217964544,0,495923200,47454208,0,183369728,0,1781538816,7422976,0,19116032,0,442150912,160305152,981708800
2025-06-28 17:04:01,661,7392256,0,20434944,0,441761792,3897344,0,13500416,0,487706624,27515904,0,96956416,0,265080832,53943296,0,217964544,0,496189440,47454208,0,183369728,0,1781538816,7422976,0,19116032,0,442150912,160305152,981708800
2025-06-28 17:04:02,662,7392256,0,20434944,0,441761792,3897344,0,13500416,0,487706624,27515904,0,96956416,0,265080832,53939200,0,217964544,0,495923200,47454208,0,183369728,0,1781538816,7422976,0,19116032,0,442150912,160309248,981708800
2025-06-28 17:04:03,663,7392256,0,20631552,0,441761792,3897344,0,13500416,0,487706624,27515904,0,96956416,0,265080832,53939200,0,217964544,0,495923200,47454208,0,183369728,0,1781538816,7422976,0,19116032,0,442150912,160309248,981708800
2025-06-28 17:04:04,664,7392256,0,20635648,0,441761792,3897344,0,13500416,0,487706624,27515904,0,96956416,0,265080832,53939200,0,217964544,0,495927296,47454208,0,183369728,0,1781538816,7422976,0,19111936,0,442150912,160309248,981708800
2025-06-28 17:04:05,665,7392256,0,20635648,0,441761792,3897344,0,13500416,0,487706624,27515904,0,96956416,0,265080832,53939200,0,217964544,0,495923200,47454208,0,183369728,0,1781538816,7422976,0,19111936,0,442150912,160309248,984387584
2025-06-28 17:04:06,666,7392256,0,20639744,0,441761792,3897344,0,13500416,0,487706624,27515904,0,96956416,0,265080832,53939200,0,217964544,0,495923200,47454208,0,183369728,0,1781538816,7422976,0,19111936,0,442150912,160309248,984387584
2025-06-28 17:04:07,667,7396352,0,20832256,0,441761792,3897344,0,13500416,0,487706624,27515904,0,96956416,0,265080832,53939200,0,217964544,0,495923200,47454208,0,183369728,0,1781538816,7422976,0,19111936,0,442150912,160309248,984387584
2025-06-28 17:04:08,668,7396352,0,20828160,0,441761792,3897344,0,13500416,0,487706624,27515904,0,96956416,0,265080832,53939200,0,217964544,0,496189440,47454208,0,183369728,0,1781538816,7422976,0,19111936,0,442150912,160309248,984387584
2025-06-28 17:04:09,669,7404544,0,20828160,0,441761792,3897344,0,13500416,0,487706624,27515904,0,96956416,0,265080832,53939200,0,217964544,0,495923200,47454208,0,183369728,0,1781538816,7422976,0,19111936,0,442150912,160309248,984387584
2025-06-28 17:04:10,670,7404544,0,21151744,0,441761792,3897344,0,13500416,0,487706624,27515904,0,96956416,0,265080832,53939200,0,217964544,0,495923200,47454208,0,183369728,0,1781538816,7422976,0,19111936,0,442150912,160309248,984387584
2025-06-28 17:04:11,671,7408640,0,21147648,0,441761792,3897344,0,13500416,0,487706624,27515904,0,96956416,0,265080832,53939200,0,217964544,0,495927296,47454208,0,183369728,0,1781538816,7422976,0,19111936,0,442150912,160309248,984387584
2025-06-28 17:04:12,672,7408640,0,21344256,0,441761792,3897344,0,13500416,0,487706624,27515904,0,96956416,0,265080832,53939200,0,217964544,0,495923200,47454208,0,183369728,0,1781538816,7422976,0,19111936,0,442150912,160309248,984387584
2025-06-28 17:04:13,673,7408640,0,21151744,0,441761792,3897344,0,13500416,0,487706624,27515904,0,96956416,0,265080832,53939200,0,217964544,0,495923200,47454208,0,183369728,0,1781538816,7422976,0,19111936,0,442150912,160309248,984379392
2025-06-28 17:04:14,674,7400448,0,21151744,0,441761792,3897344,0,13500416,0,487706624,27515904,0,96956416,0,265080832,53939200,0,217964544,0,495923200,47454208,0,183369728,0,1781538816,7422976,0,18980864,0,442150912,160309248,984379392
2025-06-28 17:04:15,675,7400448,0,20955136,0,441761792,3897344,0,13500416,0,487706624,27515904,0,96956416,0,265080832,53939200,0,217964544,0,495923200,47454208,0,183369728,0,1781538816,7422976,0,18980864,0,442150912,160309248,984379392
2025-06-28 17:04:16,676,7416832,0,20955136,0,441761792,3897344,0,13500416,0,487706624,27515904,0,96956416,0,265080832,53939200,0,217964544,0,495923200,47454208,0,183369728,0,1781538816,7422976,0,18980864,0,442150912,160317440,984379392
2025-06-28 17:04:17,677,7416832,0,20824064,0,441761792,3897344,0,13500416,0,487706624,27515904,0,96956416,0,265080832,53939200,0,217964544,0,495923200,47454208,0,183369728,0,1781538816,7422976,0,18980864,0,442150912,160317440,984379392
2025-06-28 17:04:18,678,7416832,0,20627456,0,441761792,3897344,0,13500416,0,487706624,27515904,0,96956416,0,265080832,53939200,0,217964544,0,495923200,47454208,0,183369728,0,1781538816,7422976,0,18980864,0,442150912,160317440,984379392
2025-06-28 17:04:19,679,7416832,0,20627456,0,441761792,3897344,0,13500416,0,487706624,27515904,0,96956416,0,265080832,53939200,0,217964544,0,495923200,47454208,0,183369728,0,1781538816,7422976,0,18980864,0,442150912,160317440,984379392
2025-06-28 17:04:20,680,7416832,0,20824064,0,441761792,3897344,0,13500416,0,487706624,27515904,0,96956416,0,265080832,53939200,0,217964544,0,495923200,47454208,0,183369728,0,1781538816,7422976,0,18980864,0,442150912,160317440,984379392
2025-06-28 17:04:21,681,7396352,0,20828160,0,441761792,3897344,0,13500416,0,487706624,27515904,0,96956416,0,265080832,53939200,0,217964544,0,495923200,47454208,0,183369728,0,1781538816,7422976,0,18812928,0,442150912,160317440,984379392
2025-06-28 17:04:22,682,7400448,0,20824064,0,441761792,3897344,0,13500416,0,487706624,27515904,0,96956416,0,265080832,53939200,0,217964544,0,495923200,47454208,0,183369728,0,1781538816,7422976,0,18980864,0,442150912,160317440,984379392
2025-06-28 17:04:23,683,7400448,0,20824064,0,441761792,3897344,0,13500416,0,487706624,27515904,0,96956416,0,265080832,53939200,0,217964544,0,495923200,47454208,0,183369728,0,1781538816,7422976,0,18980864,0,442150912,160317440,984379392
2025-06-28 17:04:24,684,7400448,0,20819968,0,441761792,3897344,0,13500416,0,487706624,27515904,0,96956416,0,265080832,53939200,0,217964544,0,495923200,47454208,0,183369728,0,1781538816,7422976,0,18980864,0,442150912,160317440,984379392
2025-06-28 17:04:25,685,7400448,0,21016576,0,441761792,3897344,0,13500416,0,487706624,27515904,0,96956416,0,265080832,53943296,0,217964544,0,495927296,47454208,0,183369728,0,1781538816,7422976,0,18980864,0,442150912,160317440,984379392
2025-06-28 17:04:26,686,7404544,0,20819968,0,441761792,3897344,0,13500416,0,487706624,27515904,0,96956416,0,265080832,53943296,0,217964544,0,495923200,47454208,0,183369728,0,1781538816,7422976,0,18980864,0,442150912,160317440,984379392
2025-06-28 17:04:27,687,7396352,0,20824064,0,441761792,3897344,0,13500416,0,487706624,27515904,0,96956416,0,265080832,53943296,0,217964544,0,495923200,47454208,0,183369728,0,1781538816,7422976,0,18980864,0,442150912,160354304,984379392
2025-06-28 17:04:28,688,7396352,0,20824064,0,441761792,3897344,0,13500416,0,487706624,27515904,0,96956416,0,265080832,53939200,0,217964544,0,495923200,47454208,0,183369728,0,1781538816,7422976,0,18980864,0,442150912,160354304,984379392
2025-06-28 17:04:29,689,7396352,0,20824064,0,441761792,3897344,0,13500416,0,487706624,27515904,0,96956416,0,265080832,53939200,0,217964544,0,495923200,47454208,0,183369728,0,1781538816,7422976,0,18980864,0,442150912,160354304,984379392
2025-06-28 17:04:30,690,7396352,0,20631552,0,441761792,3897344,0,13500416,0,487706624,27515904,0,96956416,0,265080832,53943296,0,217964544,0,495923200,47454208,0,183369728,0,1781538816,7422976,0,18980864,0,442150912,160354304,984379392
2025-06-28 17:04:31,691,7392256,0,20955136,0,441761792,3897344,0,13500416,0,487706624,27515904,0,96956416,0,265080832,53939200,0,217964544,0,495923200,47454208,0,183369728,0,1781538816,7422976,0,18980864,0,442150912,160354304,984379392
2025-06-28 17:04:32,692,7392256,0,20955136,0,441761792,3897344,0,13500416,0,487706624,27515904,0,96956416,0,265080832,53943296,0,217964544,0,496189440,47454208,0,183369728,0,1781538816,7422976,0,18980864,0,442150912,160354304,984379392
2025-06-28 17:04:33,693,7392256,0,20766720,0,441761792,3897344,0,13500416,0,487706624,27515904,0,96956416,0,265080832,53939200,0,217964544,0,495923200,47454208,0,183369728,0,1781538816,7422976,0,18980864,0,442150912,160354304,984379392
2025-06-28 17:04:34,694,7392256,0,20766720,0,441761792,3897344,0,13500416,0,487706624,27515904,0,96956416,0,265080832,53939200,0,217964544,0,495923200,47454208,0,183369728,0,1781538816,7422976,0,18980864,0,442150912,160354304,984379392
2025-06-28 17:04:35,695,7392256,0,20963328,0,441761792,3897344,0,13500416,0,487706624,27515904,0,96956416,0,265080832,53939200,0,217964544,0,495927296,47454208,0,183369728,0,1781538816,7422976,0,18980864,0,442150912,160354304,984379392
2025-06-28 17:04:36,696,7392256,0,20963328,0,441761792,3897344,0,13500416,0,487706624,27515904,0,96956416,0,265080832,53939200,0,217964544,0,495923200,47454208,0,183369728,0,1781538816,7422976,0,18980864,0,442150912,160354304,984379392
2025-06-28 17:04:37,697,7392256,0,20963328,0,441761792,3897344,0,13500416,0,487706624,27515904,0,96956416,0,265080832,53939200,0,217964544,0,495927296,47454208,0,183369728,0,1781538816,7422976,0,18980864,0,442150912,160354304,984379392
2025-06-28 17:04:38,698,7392256,0,20955136,0,441761792,3897344,0,13500416,0,487706624,27515904,0,96956416,0,265080832,53939200,0,217964544,0,495927296,47454208,0,183369728,0,1781538816,7422976,0,18980864,0,442150912,160354304,984379392
2025-06-28 17:04:39,699,7392256,0,20959232,0,441761792,3897344,0,13500416,0,487706624,27515904,0,96956416,0,265080832,53939200,0,217964544,0,495927296,47454208,0,183369728,0,1781538816,7422976,0,18980864,0,442150912,160354304,984379392
2025-06-28 17:04:40,700,7392256,0,20631552,0,441761792,3897344,0,13500416,0,487706624,27515904,0,96956416,0,265080832,53939200,0,217964544,0,495923200,47454208,0,183369728,0,1781538816,7422976,0,18980864,0,442150912,160354304,984379392
2025-06-28 17:04:41,701,7392256,0,20631552,0,441761792,3897344,0,13500416,0,487706624,27515904,0,96956416,0,265080832,53939200,0,217964544,0,495927296,47454208,0,183369728,0,1781538816,7422976,0,18980864,0,442150912,160354304,984379392
2025-06-28 17:04:42,702,7396352,0,20439040,0,441761792,3897344,0,13500416,0,487706624,27515904,0,96956416,0,265080832,53939200,0,217964544,0,495923200,47454208,0,183369728,0,1781538816,7422976,0,18980864,0,442150912,160354304,984379392
2025-06-28 17:04:43,703,7396352,0,20635648,0,441761792,3897344,0,13500416,0,487706624,27515904,0,96956416,0,265080832,53939200,0,217964544,0,495923200,47454208,0,183369728,0,1781538816,7422976,0,18980864,0,442150912,160354304,984379392
2025-06-28 17:04:44,704,7396352,0,20959232,0,441761792,3897344,0,13500416,0,487706624,27515904,0,96956416,0,265080832,53939200,0,217964544,0,495923200,47454208,0,183369728,0,1781538816,7422976,0,18980864,0,442150912,160354304,984379392
2025-06-28 17:04:45,705,7396352,0,20967424,0,441761792,3897344,0,13500416,0,487706624,27515904,0,96956416,0,265080832,53939200,0,217964544,0,495923200,47454208,0,183369728,0,1781538816,7422976,0,18980864,0,442150912,160354304,984379392
2025-06-28 17:04:46,706,7396352,0,21155840,0,441761792,3897344,0,13500416,0,487706624,27515904,0,96956416,0,265080832,53939200,0,217964544,0,495923200,47454208,0,183369728,0,1781538816,7422976,0,18980864,0,442150912,160354304,984510464
2025-06-28 17:04:47,707,7400448,0,20963328,0,441761792,3897344,0,13500416,0,487706624,27515904,0,96956416,0,265080832,53943296,0,217964544,0,495923200,47454208,0,183369728,0,1781538816,7422976,0,18980864,0,442150912,160354304,984510464
2025-06-28 17:04:48,708,7400448,0,20963328,0,441761792,3897344,0,13500416,0,487706624,27515904,0,96956416,0,265080832,53943296,0,217964544,0,495927296,47454208,0,183369728,0,1781538816,7422976,0,18980864,0,442150912,160354304,984510464
2025-06-28 17:04:49,709,7400448,0,20963328,0,441761792,3897344,0,13500416,0,487706624,27515904,0,96956416,0,265080832,53939200,0,217964544,0,495927296,47454208,0,183369728,0,1781538816,7422976,0,18980864,0,442150912,160354304,984510464
2025-06-28 17:04:50,710,7400448,0,21151744,0,441761792,3897344,0,13500416,0,487706624,27515904,0,96956416,0,265080832,53939200,0,217964544,0,495923200,47454208,0,183369728,0,1781538816,7422976,0,18980864,0,442150912,160354304,984510464
2025-06-28 17:04:51,711,7400448,0,21344256,0,441761792,3897344,0,13500416,0,487706624,27515904,0,96956416,0,265080832,53939200,0,217964544,0,495923200,47454208,0,183369728,0,1781538816,7422976,0,18980864,0,442150912,160354304,984510464
2025-06-28 17:04:52,712,7400448,0,21147648,0,441761792,3897344,0,13500416,0,487706624,27515904,0,96956416,0,265080832,53939200,0,217964544,0,495927296,47454208,0,183369728,0,1781538816,7422976,0,18980864,0,442150912,160354304,984510464
2025-06-28 17:04:53,713,7400448,0,21147648,0,441761792,3897344,0,13500416,0,487706624,27515904,0,96956416,0,265080832,53939200,0,217964544,0,495923200,47454208,0,183369728,0,1781538816,7422976,0,18980864,0,442150912,160362496,984510464
2025-06-28 17:04:54,714,7400448,0,21151744,0,441761792,3897344,0,13500416,0,487706624,27515904,0,96956416,0,265080832,53939200,0,217964544,0,496189440,47454208,0,183369728,0,1781538816,7422976,0,18980864,0,442150912,160362496,984510464
2025-06-28 17:04:55,715,7400448,0,20955136,0,441761792,3897344,0,13500416,0,487706624,27515904,0,96956416,0,265080832,53939200,0,217964544,0,495923200,47454208,0,183369728,0,1781538816,7422976,0,18980864,0,442150912,162369536,984510464
2025-06-28 17:04:56,716,7404544,0,20762624,0,441761792,3897344,0,13500416,0,487706624,27515904,0,96956416,0,265080832,53939200,0,217964544,0,495923200,47454208,0,183369728,0,1781538816,7422976,0,18980864,0,442150912,162496512,984510464
2025-06-28 17:04:57,717,7404544,0,20762624,0,441761792,3897344,0,13500416,0,487706624,27515904,0,96956416,0,265080832,53939200,0,217964544,0,495923200,47454208,0,183369728,0,1781538816,7422976,0,18980864,0,442150912,162500608,984510464
2025-06-28 17:04:58,718,7404544,0,20762624,0,441761792,3897344,0,13500416,0,487706624,27515904,0,96956416,0,265080832,53939200,0,217964544,0,495923200,47454208,0,183369728,0,1781538816,7422976,0,18980864,0,442150912,162500608,984510464
2025-06-28 17:04:59,719,7404544,0,20955136,0,441761792,3897344,0,13500416,0,487706624,27515904,0,96956416,0,265080832,53939200,0,217964544,0,495923200,47454208,0,183369728,0,1781538816,7422976,0,18980864,0,442150912,162500608,984444928
2025-06-28 17:05:00,720,7404544,0,20955136,0,441761792,3897344,0,13500416,0,487706624,27515904,0,96956416,0,265080832,53939200,0,217964544,0,495923200,47454208,0,183369728,0,1781538816,7422976,0,18980864,0,442150912,162500608,984444928
2025-06-28 17:05:01,721,7404544,0,20955136,0,441761792,3897344,0,13500416,0,487706624,27515904,0,96956416,0,265080832,53943296,0,217964544,0,495923200,47454208,0,183369728,0,1781538816,7422976,0,18980864,0,442150912,162504704,984444928
2025-06-28 17:05:02,722,7404544,0,20951040,0,441761792,3897344,0,13500416,0,487706624,27515904,0,96956416,0,265080832,53939200,0,217964544,0,495923200,47454208,0,183369728,0,1781538816,7422976,0,18980864,0,442150912,162504704,984444928
2025-06-28 17:05:03,723,7404544,0,21147648,0,441761792,3897344,0,13500416,0,487706624,27515904,0,96956416,0,265080832,53939200,0,217964544,0,496189440,47454208,0,183369728,0,1781538816,7422976,0,18980864,0,442150912,162504704,984444928
2025-06-28 17:05:04,724,7404544,0,20955136,0,441761792,3897344,0,13500416,0,487706624,27515904,0,96956416,0,265080832,53939200,0,217964544,0,495923200,47454208,0,183369728,0,1781538816,7422976,0,18980864,0,442150912,162504704,984444928
2025-06-28 17:05:05,725,7404544,0,20758528,0,441761792,3897344,0,13500416,0,487706624,27515904,0,96956416,0,265080832,53943296,0,217964544,0,495927296,47454208,0,183369728,0,1781538816,7422976,0,18980864,0,442150912,162504704,984444928
2025-06-28 17:05:06,726,7400448,0,20762624,0,441761792,3897344,0,13500416,0,487706624,27515904,0,96956416,0,265080832,53939200,0,217964544,0,495923200,47454208,0,183369728,0,1781538816,7422976,0,18980864,0,442150912,162504704,984444928
2025-06-28 17:05:07,727,7400448,0,20566016,0,441761792,3897344,0,13500416,0,487706624,27515904,0,96956416,0,265080832,53939200,0,217964544,0,495927296,47454208,0,183369728,0,1781538816,7422976,0,18980864,0,442150912,162504704,984444928
2025-06-28 17:05:08,728,7408640,0,20566016,0,441761792,3897344,0,13500416,0,487706624,27515904,0,96956416,0,265080832,53939200,0,217964544,0,495923200,47454208,0,183369728,0,1781538816,7422976,0,18980864,0,442150912,162508800,984444928
2025-06-28 17:05:09,729,7408640,0,20758528,0,441761792,3897344,0,13500416,0,487706624,27515904,0,96956416,0,265080832,53939200,0,217964544,0,495923200,47454208,0,183369728,0,1781538816,7422976,0,18980864,0,442150912,162508800,984444928
2025-06-28 17:05:10,730,7408640,0,20623360,0,441761792,3897344,0,13500416,0,487706624,27515904,0,96956416,0,265080832,53939200,0,217964544,0,495923200,47454208,0,183369728,0,1781538816,7422976,0,18980864,0,442150912,162508800,984444928
2025-06-28 17:05:11,731,7408640,0,20819968,0,441761792,3897344,0,13500416,0,487706624,27515904,0,96956416,0,265080832,53939200,0,217964544,0,495927296,47454208,0,183369728,0,1781538816,7422976,0,18980864,0,442150912,162508800,984444928
2025-06-28 17:05:12,732,7408640,0,20623360,0,441761792,3897344,0,13500416,0,487706624,27515904,0,96956416,0,265080832,53939200,0,217964544,0,495927296,47454208,0,183369728,0,1781538816,7422976,0,18980864,0,442150912,162508800,984444928
2025-06-28 17:05:13,733,7400448,0,20422656,0,441761792,3897344,0,13500416,0,487706624,27515904,0,96956416,0,265080832,53939200,0,217964544,0,495923200,47454208,0,183369728,0,1781538816,7422976,0,18980864,0,442150912,162508800,984444928
2025-06-28 17:05:14,734,7400448,0,20426752,0,441761792,3897344,0,13500416,0,487706624,27515904,0,96956416,0,265080832,53939200,0,217964544,0,495927296,47454208,0,183369728,0,1781538816,7422976,0,18980864,0,442150912,162508800,984510464
2025-06-28 17:05:15,735,7400448,0,20430848,0,441761792,3897344,0,13500416,0,487706624,27515904,0,96956416,0,265080832,53939200,0,217964544,0,495923200,47454208,0,183369728,0,1781538816,7422976,0,18980864,0,442150912,162508800,984510464
2025-06-28 17:05:16,736,7404544,0,20234240,0,441761792,3897344,0,13500416,0,487706624,27515904,0,96956416,0,265080832,53944320,0,217964544,0,495923200,47454208,0,183369728,0,1781538816,7422976,0,18980864,0,442150912,162508800,984510464
2025-06-28 17:05:17,737,7404544,0,20430848,0,441761792,3897344,0,13500416,0,487706624,27515904,0,96956416,0,265080832,53937152,0,217964544,0,495923200,47454208,0,183369728,0,1781538816,7422976,0,18980864,0,442150912,162508800,984510464
2025-06-28 17:05:18,738,7404544,0,20619264,0,441761792,3897344,0,13500416,0,487706624,27515904,0,96956416,0,265080832,53937152,0,217964544,0,495927296,47454208,0,183369728,0,1781538816,7422976,0,18980864,0,442150912,162508800,984510464
2025-06-28 17:05:19,739,7404544,0,20955136,0,441761792,3897344,0,13500416,0,487706624,27515904,0,96956416,0,265080832,53937152,0,217964544,0,495927296,47454208,0,183369728,0,1781538816,7422976,0,18980864,0,442150912,162508800,984510464
2025-06-28 17:05:20,740,7404544,0,20762624,0,441761792,3897344,0,13500416,0,487706624,27515904,0,96956416,0,265080832,53937152,0,217964544,0,495927296,47454208,0,183369728,0,1781538816,7422976,0,18980864,0,442150912,162508800,984510464
2025-06-28 17:05:21,741,7404544,0,20766720,0,441761792,3897344,0,13500416,0,487706624,27515904,0,96956416,0,265080832,53941248,0,217964544,0,495923200,47454208,0,183369728,0,1781538816,7422976,0,18980864,0,442150912,162508800,984510464
2025-06-28 17:05:22,742,7408640,0,20951040,0,441761792,3897344,0,13500416,0,487706624,27515904,0,96956416,0,265080832,53937152,0,217964544,0,495923200,47454208,0,183369728,0,1781538816,7422976,0,18980864,0,442150912,162508800,984510464
2025-06-28 17:05:23,743,7408640,0,20758528,0,441761792,3897344,0,13500416,0,487706624,27515904,0,96956416,0,265080832,53937152,0,217964544,0,495923200,47454208,0,183369728,0,1781538816,7422976,0,18980864,0,442150912,162508800,984510464